p_id,p_name,p_description,start_date,end_date,fundraising_goal,p_funds_raised,status
1,Mobile Health Clinic,Scene only discover allow machine force sell federal stand use religious. This project aims to improve patient care and hospital facilities.,1/22/2023,4/27/2027,22575.18,270687.8,closed
2,Mobile Health Clinic,Should central week quickly final whose top visit team decide resource. This project aims to improve patient care and hospital facilities.,12/15/2021,,212727.27,245237.09,in_preparation
3,Elderly Care Enhancement,Lawyer TV care ready respond house several baby young easy recognize scientist property story. This project aims to improve patient care and hospital facilities.,6/29/2021,,152508.85,408752.7,ongoing
4,Free Vaccination Drive,Protect edge development pull cell cut citizen value article smile recently similar this member could between if accept animal. This project aims to improve patient care and hospital facilities.,8/26/2023,12/23/2026,287377.95,247856.08,in_preparation
5,Free Vaccination Drive,Hand style cut ever institution recent determine indicate decade technology shoulder. This project aims to improve patient care and hospital facilities.,8/4/2020,,461135.87,211374.43,closed
6,Emergency Equipment Fundraiser,Man if a church wall name realize challenge news add heavy person. This project aims to improve patient care and hospital facilities.,8/12/2022,10/25/2024,367792.85,468665.67,closed
7,Mobile Health Clinic,Far themselves discover body table day ball last ready attack probably where important matter. This project aims to improve patient care and hospital facilities.,4/19/2023,,105683.3,256394.59,closed
8,Hospital Infrastructure Renovation,Down attack upon decision official else else prevent in someone west scientist marriage anyone network your modern find. This project aims to improve patient care and hospital facilities.,2/6/2025,7/20/2025,41890.31,467094.78,in_preparation
9,Medical Scholarship Fund,Mission nothing reflect federal business couple he interview party vote analysis degree understand morning. This project aims to improve patient care and hospital facilities.,8/3/2022,,441930.9,377351.3,ongoing
10,Medical Scholarship Fund,Nearly west well Democrat whom article outside marriage media people program tree. This project aims to improve patient care and hospital facilities.,12/15/2024,11/17/2026,20783.68,10721.98,ongoing
11,Neonatal Incubator Purchase,Green stuff often almost personal talk challenge ball military see allow state national different site. This project aims to improve patient care and hospital facilities.,9/29/2023,8/6/2024,302223.85,490330.57,closed
12,Community Health Outreach,Star seven career by week green day right truth though available serve become in along without agent water. This project aims to improve patient care and hospital facilities.,6/27/2021,,176475.43,170843.05,ongoing
13,Children’s Oncology Support,Her themselves responsibility black free born really to prevent key. This project aims to improve patient care and hospital facilities.,12/18/2022,,496913.81,231485.01,in_preparation
14,New MRI Machine Acquisition,Anyone tough learn response radio action suggest cultural focus morning pass pattern spring effort perhaps. This project aims to improve patient care and hospital facilities.,5/22/2021,1/4/2024,241636.6,419977.32,ongoing
15,New MRI Machine Acquisition,Task go late image quality hospital plan tend need author radio tend market side score answer down defense common. This project aims to improve patient care and hospital facilities.,11/12/2020,,289964.93,3133.51,ongoing
16,COVID-19 Recovery Support,Western argue right behind budget place detail will why democratic help claim their drive. This project aims to improve patient care and hospital facilities.,1/24/2024,2/25/2025,401343.13,485910.89,in_preparation
17,Elderly Care Enhancement,Debate claim college while activity dream economy interest gas guy piece central hear deep quickly from third open. This project aims to improve patient care and hospital facilities.,9/6/2022,,426259.28,159217.13,closed
18,Pediatric ICU Expansion,Foot into brother yard add poor artist sense reduce myself benefit particular sell common develop. This project aims to improve patient care and hospital facilities.,12/13/2022,11/30/2024,262888.42,375187.15,ongoing
19,Cancer Research Initiative,Of paper kitchen suggest enough hear positive major human system country. This project aims to improve patient care and hospital facilities.,11/2/2020,3/22/2028,45100.95,250808.49,ongoing
20,Elderly Care Enhancement,Than new present start make task staff realize son teach subject. This project aims to improve patient care and hospital facilities.,5/8/2021,12/30/2026,39827.11,40610.26,closed
21,Surgical Robotics Research,Administration member white structure seek buy by buy which attack strategy already paper. This project aims to improve patient care and hospital facilities.,1/30/2023,10/2/2026,107030.34,355995.06,in_preparation
22,Free Vaccination Drive,Recent board participant imagine interest partner piece subject school off read people above cold charge camera. This project aims to improve patient care and hospital facilities.,1/29/2023,,265675.7,140150.53,in_preparation
23,Cancer Research Initiative,Affect small each voice growth mouth board center without lawyer address almost remember they unit focus. This project aims to improve patient care and hospital facilities.,8/15/2020,6/25/2025,432711.7,1145.58,in_preparation
24,Advanced Prosthetics Development,Season front fall painting model me especially camera possible huge while fish issue team present design. This project aims to improve patient care and hospital facilities.,4/9/2024,6/28/2027,269237,99105.93,ongoing
25,Trauma Unit Upgrade,Say agree record new guy choose fish green sing involve. This project aims to improve patient care and hospital facilities.,6/19/2020,12/22/2022,414714.58,373417.29,ongoing
26,Pediatric ICU Expansion,Police customer road statement fish pick often reality station. This project aims to improve patient care and hospital facilities.,3/24/2021,,70289.33,142787.52,ongoing
27,Children’s Oncology Support,Make wrong although somebody garden officer certainly board book wait past quickly money process here always fund. This project aims to improve patient care and hospital facilities.,3/21/2022,9/16/2026,103882.84,93029.03,ongoing
28,Medical Scholarship Fund,Detail join you ever either including music long why. This project aims to improve patient care and hospital facilities.,6/21/2022,3/23/2025,377952.07,452317.05,closed
29,New MRI Machine Acquisition,Break east agent goal election necessary produce middle oil region spend less himself billion show day off. This project aims to improve patient care and hospital facilities.,6/28/2023,11/28/2023,329598.46,222373.59,closed
30,Cardiology Wing Upgrade,National hair statement picture what million each future stay under ago nearly agency road call nature nice if deep. This project aims to improve patient care and hospital facilities.,8/11/2024,,447370.95,485228.33,ongoing
31,Advanced Prosthetics Development,Cover former conference lawyer laugh yet dinner hundred main your serious answer training view nice thus. This project aims to improve patient care and hospital facilities.,8/15/2024,,444951.68,101196,closed
32,Mental Health Support Program,Heart about itself Mr century political sound new smile police level friend try glass require million question billion wish south. This project aims to improve patient care and hospital facilities.,6/11/2023,,136270.44,391575.8,closed
33,Mobile Health Clinic,Health career thing song stage final team tax outside administration southern son. This project aims to improve patient care and hospital facilities.,2/11/2024,12/7/2024,332181.7,368377.67,ongoing
34,Trauma Unit Upgrade,Which garden above computer cost power response person record born central receive after pass yes resource risk employee. This project aims to improve patient care and hospital facilities.,5/10/2022,6/2/2025,235112.24,364197.74,closed
35,Elderly Care Enhancement,Piece top matter face travel through tell enjoy occur blue training likely determine campaign admit federal still affect. This project aims to improve patient care and hospital facilities.,8/29/2022,,192856.8,92596.27,in_preparation
36,Medical Scholarship Fund,Behind age religious gun result take myself including girl after. This project aims to improve patient care and hospital facilities.,8/17/2024,11/5/2026,112372.59,236693.62,ongoing
37,Blood Donation Awareness Campaign,Policy catch go example believe right notice get receive throw early half per wall Mrs identify. This project aims to improve patient care and hospital facilities.,3/15/2023,,329107.65,208499.58,in_preparation
38,Neonatal Incubator Purchase,Former story me image industry wrong south environmental spend result grow. This project aims to improve patient care and hospital facilities.,2/27/2021,8/5/2026,138841.76,91632.07,closed
39,Cancer Research Initiative,Impact country fire goal employee idea for law assume dark hope maybe too mother age seat grow usually talk. This project aims to improve patient care and hospital facilities.,10/2/2022,,17310,197752.91,in_preparation
40,Mobile Health Clinic,What myself begin performance various cover his defense prepare movement forward charge among hour property rest media. This project aims to improve patient care and hospital facilities.,6/25/2022,9/22/2026,254118.18,322329.76,in_preparation
41,Neonatal Incubator Purchase,Source close computer bit race up or key pull people agreement ago newspaper enter ball step. This project aims to improve patient care and hospital facilities.,1/1/2025,1/29/2028,125817.63,192114.3,closed
42,Surgical Robotics Research,Main offer positive though central have business air everybody room maybe cultural every thousand blood ability. This project aims to improve patient care and hospital facilities.,8/31/2022,8/24/2024,452686.86,110411.69,closed
43,Elderly Care Enhancement,Natural night smile draw soldier contain billion speak already report market believe bill represent. This project aims to improve patient care and hospital facilities.,10/4/2020,,140596.73,357075.4,closed
44,Trauma Unit Upgrade,Guy former music may bar thousand civil me public produce imagine animal through yes. This project aims to improve patient care and hospital facilities.,4/3/2023,8/13/2027,459472.69,8050.63,closed
45,COVID-19 Recovery Support,Dinner church base reason page subject blood positive lawyer piece evening personal up. This project aims to improve patient care and hospital facilities.,3/22/2022,7/2/2025,497945.18,156880.26,in_preparation
46,Advanced Prosthetics Development,Support bar pick whose wrong officer cold often job might key word really blood establish as story painting hot. This project aims to improve patient care and hospital facilities.,6/5/2024,11/2/2025,353359.66,92729.66,closed
47,Medical Scholarship Fund,Century group member industry degree half but responsibility series factor wait. This project aims to improve patient care and hospital facilities.,1/3/2021,12/25/2026,190693.09,319625.22,ongoing
48,Free Vaccination Drive,Unit finish try serious far loss language eat news action. This project aims to improve patient care and hospital facilities.,7/14/2024,,27692.63,383978.84,closed
49,Medical Scholarship Fund,Bill most hair amount drive mission away strategy your. This project aims to improve patient care and hospital facilities.,1/20/2023,10/1/2026,319214.57,156164.18,ongoing
50,Mobile Health Clinic,Necessary rather authority analysis rest radio rich unit brother analysis drive end manage party. This project aims to improve patient care and hospital facilities.,6/25/2020,,96532.28,487995.82,ongoing
51,Cardiology Wing Upgrade,World quickly traditional president see strong always set instead compare administration consider put exist reveal page music main. This project aims to improve patient care and hospital facilities.,5/11/2022,12/2/2026,326778.39,325277.08,in_preparation
52,Advanced Prosthetics Development,Participant take bank price life college edge represent radio state heart continue point quality call look party clear and. This project aims to improve patient care and hospital facilities.,12/26/2021,,168152.49,64499.95,closed
53,Blood Donation Awareness Campaign,Not film again Mr event friend leg project cause. This project aims to improve patient care and hospital facilities.,9/16/2024,,314846.97,440955.89,closed
54,Surgical Robotics Research,Me plant state sea important the skill from save degree college quite radio opportunity however. This project aims to improve patient care and hospital facilities.,1/27/2022,8/1/2024,79062.6,256731.18,closed
55,Cardiology Wing Upgrade,Conference bit resource face remain structure more house five go section. This project aims to improve patient care and hospital facilities.,1/23/2021,,446845.88,65794.19,closed
56,Medical Scholarship Fund,Would scientist memory site money far with imagine light evidence seat continue federal floor real. This project aims to improve patient care and hospital facilities.,11/25/2021,,355999.39,211392.91,ongoing
57,Children’s Oncology Support,Woman fly might challenge how use adult summer wish avoid defense yourself recently themselves he. This project aims to improve patient care and hospital facilities.,8/19/2023,,361545.53,11228.34,in_preparation
58,Elderly Care Enhancement,Forward interview leader just attorney natural everything but nice guy these special hundred sport recently. This project aims to improve patient care and hospital facilities.,2/20/2025,11/23/2026,38636.26,334370.3,closed
59,New MRI Machine Acquisition,Simple believe station really series hard popular wife movement most military often we wife possible since. This project aims to improve patient care and hospital facilities.,9/25/2020,6/14/2021,20873.9,472829.31,ongoing
60,Mental Health Support Program,Business week push really choice mind newspaper society former appear war. This project aims to improve patient care and hospital facilities.,12/3/2021,5/17/2024,270868.2,312513.88,ongoing
61,New MRI Machine Acquisition,Today right those live close region deep suddenly politics environment hear born country appear teacher include foot project. This project aims to improve patient care and hospital facilities.,3/10/2025,,253161.48,409828.44,in_preparation
62,Dialysis Center Enhancement,Life he Mrs more until forget special water share simply control fly author television local institution generation. This project aims to improve patient care and hospital facilities.,8/22/2022,6/28/2027,54421.16,337675.82,closed
63,Hospital Infrastructure Renovation,Them create but join way group wife animal level. This project aims to improve patient care and hospital facilities.,3/21/2022,10/26/2023,50166.23,305166.52,in_preparation
64,Trauma Unit Upgrade,Enter information speak child camera win front statement under southern soldier building traditional attention news bad rate. This project aims to improve patient care and hospital facilities.,8/19/2020,,335708.64,129728.98,ongoing
65,Cancer Research Initiative,She organization church relate public partner side figure early player. This project aims to improve patient care and hospital facilities.,12/30/2024,7/27/2027,209994.19,490950.78,in_preparation
66,Hospital Infrastructure Renovation,Four politics year cut side against hotel if real it future for onto against. This project aims to improve patient care and hospital facilities.,8/12/2021,10/8/2024,436420.23,161150.48,ongoing
67,Emergency Equipment Fundraiser,Partner ready easy expert agent property cover oil as step. This project aims to improve patient care and hospital facilities.,8/10/2021,,119300.78,26310,in_preparation
68,Cardiology Wing Upgrade,Treat in always develop radio wall son financial president sense society film west memory level skin. This project aims to improve patient care and hospital facilities.,11/21/2021,7/29/2024,250189.61,437944.45,in_preparation
69,Advanced Prosthetics Development,Party back agree real share its administration weight majority walk movie notice difficult within garden color college wait Mrs somebody. This project aims to improve patient care and hospital facilities.,10/2/2023,,41496.81,31826.05,ongoing
70,Blood Donation Awareness Campaign,Put often good radio remain security ok soon performance low nothing. This project aims to improve patient care and hospital facilities.,10/19/2024,11/15/2024,32321.52,140977.7,closed
71,Medical Scholarship Fund,Evidence attorney structure film would dream project purpose involve tough follow will this evening. This project aims to improve patient care and hospital facilities.,11/26/2021,9/15/2024,320071.2,139411.8,in_preparation
72,Community Health Outreach,Gun number leader ago rest including world fear outside together budget operation instead speech make. This project aims to improve patient care and hospital facilities.,11/1/2021,,238934.87,367459.04,ongoing
73,New MRI Machine Acquisition,Pull much center you actually degree peace traditional tax peace action. This project aims to improve patient care and hospital facilities.,3/31/2021,9/26/2022,361128.89,147005.53,in_preparation
74,Dialysis Center Enhancement,Above culture product western Congress doctor room interest avoid quickly speak way west investment show. This project aims to improve patient care and hospital facilities.,5/27/2023,7/10/2026,29297.05,124026.73,ongoing
75,Dialysis Center Enhancement,Enough discuss amount maintain because above suggest and anyone either instead run look sit bring throw themselves generation. This project aims to improve patient care and hospital facilities.,7/30/2024,5/18/2027,475108.13,99480.28,ongoing
76,Advanced Prosthetics Development,More major style law seat production thing energy over ago. This project aims to improve patient care and hospital facilities.,12/2/2020,,234223.32,317362.93,in_preparation
77,Free Vaccination Drive,Second catch memory wonder central soldier bit budget music spend live fine every so politics administration issue increase most young. This project aims to improve patient care and hospital facilities.,8/8/2024,,430351.51,109472.74,in_preparation
78,Mental Health Support Program,Skin her trade amount technology reflect either your field human price red produce soon floor recently enter back herself. This project aims to improve patient care and hospital facilities.,2/25/2022,,241838.29,174743,closed
79,Elderly Care Enhancement,Him international choice go radio really attack resource oil Mrs near product career left. This project aims to improve patient care and hospital facilities.,4/9/2023,10/16/2023,22276.84,72364.39,ongoing
80,Mental Health Support Program,Red property finally at present use environmental idea need whether indicate unit price magazine relate. This project aims to improve patient care and hospital facilities.,1/17/2024,6/26/2024,352198.96,46300.8,ongoing
81,Pediatric ICU Expansion,Decade edge product behavior stock opportunity event interesting light section crime full would great have look others beautiful fact. This project aims to improve patient care and hospital facilities.,3/20/2022,12/3/2024,311578.65,236368.35,in_preparation
82,Pediatric ICU Expansion,Foreign right onto mouth detail remember production arm himself answer role. This project aims to improve patient care and hospital facilities.,11/14/2023,6/21/2026,23943.99,208977.25,ongoing
83,COVID-19 Recovery Support,Reflect daughter deal per general deep rise people top dark data would effort. This project aims to improve patient care and hospital facilities.,6/12/2024,,344163.5,343124.51,in_preparation
84,Community Health Outreach,Raise hit husband size late side beat along friend middle half film production voice. This project aims to improve patient care and hospital facilities.,5/9/2023,,221507.52,274835.2,ongoing
85,Mobile Health Clinic,Total theory around say nation movie couple sense learn high you require lead national article. This project aims to improve patient care and hospital facilities.,4/27/2020,9/11/2026,365442.85,326554.46,ongoing
86,Hospital Infrastructure Renovation,Offer southern young small up artist wife fire know story thousand nature west message visit. This project aims to improve patient care and hospital facilities.,5/15/2022,2/19/2026,499193.83,406904.93,closed
87,Surgical Robotics Research,Speech energy bed small suggest cultural chair ball security. This project aims to improve patient care and hospital facilities.,9/30/2024,,263308.95,129681.39,closed
88,Children’s Oncology Support,Mr performance rule item space issue represent entire natural interesting kind thought actually figure thousand program no rate attention begin. This project aims to improve patient care and hospital facilities.,10/3/2021,8/31/2024,187274.75,496705.74,ongoing
89,Dialysis Center Enhancement,Pm process majority easy why according something reach scientist appear. This project aims to improve patient care and hospital facilities.,11/27/2022,,329660.69,152618.39,closed
90,Cancer Research Initiative,Technology degree likely above you city care stand next particular anyone natural difficult free oil fall tree increase final owner. This project aims to improve patient care and hospital facilities.,2/9/2022,,397189.1,75931.25,ongoing
91,Pediatric ICU Expansion,Role performance anything certainly police avoid former eye enter outside difference hear executive. This project aims to improve patient care and hospital facilities.,8/8/2021,,234145.6,377498.58,in_preparation
92,Blood Donation Awareness Campaign,Here employee long off instead safe town on assume I happen show then organization smile yes live onto resource state. This project aims to improve patient care and hospital facilities.,11/29/2024,8/8/2027,272524.47,475905.01,ongoing
93,Community Health Outreach,Big but expert tell old six authority finish one under watch peace take blue summer give same board space. This project aims to improve patient care and hospital facilities.,1/10/2021,10/21/2021,32605.74,193788.09,ongoing
94,Pediatric ICU Expansion,Effect wide evidence describe training short couple year agency rule today wall price road improve other doctor culture. This project aims to improve patient care and hospital facilities.,1/2/2025,11/1/2027,492687.46,94463.18,ongoing
95,Hospital Infrastructure Renovation,But debate white imagine try individual left stay party lay cold probably brother issue star. This project aims to improve patient care and hospital facilities.,7/16/2024,7/12/2026,33340.85,469386.23,ongoing
96,Trauma Unit Upgrade,Cell see no speech push court knowledge dinner pressure gas specific my sign stock security morning operation southern case. This project aims to improve patient care and hospital facilities.,1/29/2022,,410017.61,245340.33,ongoing
97,Dialysis Center Enhancement,Particularly about work bad partner administration certainly field employee where do population pick up. This project aims to improve patient care and hospital facilities.,9/14/2024,1/4/2027,350047.81,434987.29,in_preparation
98,Medical Scholarship Fund,Appear half central the sure take source answer difference. This project aims to improve patient care and hospital facilities.,10/18/2024,4/5/2027,493725.48,31624.09,closed
99,Surgical Robotics Research,Unit note growth those any true task notice actually school far talk heavy free thought dream. This project aims to improve patient care and hospital facilities.,7/14/2023,,323946.25,328368.01,closed
100,Surgical Robotics Research,Direction office traditional send affect affect can plant whatever investment add capital stock his base world both perhaps believe. This project aims to improve patient care and hospital facilities.,5/9/2024,5/4/2027,347382.17,64516.59,in_preparation
101,COVID-19 Recovery Support,Region own performance outside natural south often not east material great vote something blood. This project aims to improve patient care and hospital facilities.,10/5/2021,10/12/2021,261152.12,252403.5,closed
102,Mental Health Support Program,Dog agreement compare five television whatever effort Mr natural sign work there ball top number share much sure require pull college. This project aims to improve patient care and hospital facilities.,6/10/2020,,292925.65,478889.06,in_preparation
103,Hospital Infrastructure Renovation,Expert minute very city must it per cell hot military develop arrive produce add occur sure former one never letter. This project aims to improve patient care and hospital facilities.,4/11/2024,10/3/2027,91183.9,86682.35,ongoing
104,Cardiology Wing Upgrade,Value church ago else camera third choice carry six town. This project aims to improve patient care and hospital facilities.,2/7/2021,9/19/2023,29146.76,46750.07,closed
105,Cardiology Wing Upgrade,Something discussion wrong these structure letter look simply camera available station director state night bed word ready. This project aims to improve patient care and hospital facilities.,4/6/2020,3/10/2022,169846.03,243320.65,ongoing
106,Mobile Health Clinic,Yeah investment safe raise out ready appear reflect here officer catch her kind cut people. This project aims to improve patient care and hospital facilities.,7/6/2020,6/23/2022,118147.6,41972.14,ongoing
107,Pediatric ICU Expansion,Any herself administration analysis power author around tell carry along against hospital arrive want fear west move keep than. This project aims to improve patient care and hospital facilities.,5/1/2024,3/25/2027,407617.63,102979.75,closed
108,Trauma Unit Upgrade,Police high then late wish than animal exactly among head floor baby care take trade ready lay stage so. This project aims to improve patient care and hospital facilities.,8/16/2024,,194056.91,236250.81,closed
109,Surgical Robotics Research,During report financial either get affect seven medical suffer bad choose call nation before. This project aims to improve patient care and hospital facilities.,5/4/2024,5/9/2026,38403.38,283082.09,closed
110,Hospital Infrastructure Renovation,This research allow though important still other number girl. This project aims to improve patient care and hospital facilities.,12/12/2024,,55157.59,98775.82,in_preparation
111,Dialysis Center Enhancement,Manage third kind room consider among worker color side east program field finally note way official husband candidate. This project aims to improve patient care and hospital facilities.,1/19/2025,11/26/2027,173872.01,75399.21,closed
112,Pediatric ICU Expansion,Yard rather machine firm image sense bit space newspaper send age. This project aims to improve patient care and hospital facilities.,11/1/2024,,425685.22,35750.23,in_preparation
113,Medical Scholarship Fund,Land ten suffer church just cost official store according design forward test card. This project aims to improve patient care and hospital facilities.,7/8/2024,2/18/2026,348878.01,440633.38,closed
114,Surgical Robotics Research,Role discover class office this two support just increase traditional beyond. This project aims to improve patient care and hospital facilities.,11/28/2021,,212812.16,166246.58,ongoing
115,Pediatric ICU Expansion,Choose moment during light agency morning he particularly hair choice quite. This project aims to improve patient care and hospital facilities.,4/18/2020,4/30/2026,222860.57,395388.17,ongoing
116,Advanced Prosthetics Development,Feeling which direction read call agreement traditional anything eat four also couple certain leave outside believe and. This project aims to improve patient care and hospital facilities.,10/21/2024,,359718.96,25155.79,in_preparation
117,Trauma Unit Upgrade,Far the experience program traditional daughter health exist stay somebody if change. This project aims to improve patient care and hospital facilities.,11/10/2021,2/2/2026,373134.21,438273.94,closed
118,Free Vaccination Drive,Opportunity newspaper deep environment season program once old political amount. This project aims to improve patient care and hospital facilities.,7/15/2020,7/22/2021,332741.15,238063.6,in_preparation
119,Cardiology Wing Upgrade,Two mother reflect create realize miss key open you learn. This project aims to improve patient care and hospital facilities.,11/9/2023,,462892.75,33262.5,in_preparation
120,Emergency Equipment Fundraiser,Field manager suffer knowledge history company military difference enter role information yes probably character box reason green daughter who. This project aims to improve patient care and hospital facilities.,12/21/2024,,212809.5,198278.42,closed
121,Surgical Robotics Research,Rather free number political scientist a understand reach bad almost pull wish pull speak record three season. This project aims to improve patient care and hospital facilities.,5/31/2020,11/29/2021,355979.84,369949.29,ongoing
122,Cardiology Wing Upgrade,Economy note effort each voice a price century appear pattern scene along truth. This project aims to improve patient care and hospital facilities.,7/13/2024,,221071.65,178890.81,ongoing
123,New MRI Machine Acquisition,Around toward but learn appear air ball at way value run sell approach few describe. This project aims to improve patient care and hospital facilities.,9/22/2020,9/29/2023,168651.3,442798.18,in_preparation
124,Medical Scholarship Fund,Government nor positive remain kind write lose agree money view together physical full world guy project upon early beyond rich long. This project aims to improve patient care and hospital facilities.,9/22/2024,,304595.36,254328.27,closed
125,Children’s Oncology Support,Follow race attorney dog develop wide yes public add fish our bed score her appear subject campaign thought president cold. This project aims to improve patient care and hospital facilities.,6/28/2021,8/9/2023,113943.47,111000.04,in_preparation
126,Emergency Equipment Fundraiser,Gun trial teacher shoulder other research election somebody morning realize measure around green day try also everyone article similar wish. This project aims to improve patient care and hospital facilities.,4/13/2021,1/5/2025,316317.53,351390.13,closed
127,Blood Donation Awareness Campaign,Small interview maintain buy my tough serve yes trial north score trip. This project aims to improve patient care and hospital facilities.,1/31/2023,,364175.91,239184.4,ongoing
128,Mental Health Support Program,Their add direction arrive green however black thank single. This project aims to improve patient care and hospital facilities.,2/4/2021,9/26/2024,88875.82,52495.34,closed
129,Cardiology Wing Upgrade,Couple car value station with health alone money evening. This project aims to improve patient care and hospital facilities.,9/30/2021,,19257.99,450660.24,closed
130,Elderly Care Enhancement,Impact air off TV black physical others report generation shoulder mother every PM interesting simply majority that start. This project aims to improve patient care and hospital facilities.,1/2/2021,,224583.54,343615.72,ongoing
131,Dialysis Center Enhancement,Truth live enough participant second child message push discover really truth bad statement future. This project aims to improve patient care and hospital facilities.,12/12/2024,10/1/2026,113547.24,115439.43,ongoing
132,Free Vaccination Drive,Take seek trial issue least suddenly probably this event idea charge. This project aims to improve patient care and hospital facilities.,9/4/2023,,212866.7,272615.68,closed
133,Emergency Equipment Fundraiser,Worry plant often wonder own north memory base middle bag difference of enter beyond dog how each lose eye add. This project aims to improve patient care and hospital facilities.,9/2/2024,1/14/2026,222184.71,277563.18,ongoing
134,Emergency Equipment Fundraiser,Manager billion certainly election among in lawyer fine cut despite international list actually lose discuss poor involve message season. This project aims to improve patient care and hospital facilities.,3/29/2021,,161910.23,498560.61,closed
135,Pediatric ICU Expansion,Though add financial report listen no science next school also. This project aims to improve patient care and hospital facilities.,3/16/2021,,262106.79,142665.03,in_preparation
136,Trauma Unit Upgrade,Our door order capital environment into situation raise move large bill agent ask less baby. This project aims to improve patient care and hospital facilities.,11/21/2022,7/23/2023,85622.43,302224.67,closed
137,Neonatal Incubator Purchase,Where PM conference just war future skin else style still customer record event skill worker picture certain. This project aims to improve patient care and hospital facilities.,9/11/2020,8/8/2021,438262.86,203736.28,ongoing
138,Emergency Equipment Fundraiser,Capital rock goal good condition political campaign behind option water do prevent scene always company myself probably participant force their. This project aims to improve patient care and hospital facilities.,1/5/2023,,387417.64,141629.33,closed
139,Hospital Infrastructure Renovation,Majority behind style feel country remember hand institution pick maybe pretty tough land nothing truth candidate back blood yard level. This project aims to improve patient care and hospital facilities.,7/5/2021,,413561.21,165166.85,closed
140,Advanced Prosthetics Development,Floor old paper price Congress perform group model on art late those into structure increase oil know call establish. This project aims to improve patient care and hospital facilities.,4/8/2020,7/19/2026,236704.61,261176.1,ongoing
141,Trauma Unit Upgrade,East respond each really success natural culture learn recognize live black glass. This project aims to improve patient care and hospital facilities.,5/22/2021,7/7/2027,193233.85,407040.8,closed
142,Children’s Oncology Support,See edge fear according window far cup field sit continue skin value guy agent western. This project aims to improve patient care and hospital facilities.,3/23/2025,,261960.6,306536.06,in_preparation
143,Cardiology Wing Upgrade,Almost about something ball cultural reason factor agency reduce Mr different any word. This project aims to improve patient care and hospital facilities.,2/13/2025,,14867.75,198453.22,in_preparation
144,Cancer Research Initiative,How short clear pass foot film bed factor management data would property eight. This project aims to improve patient care and hospital facilities.,10/15/2024,,138943.35,3315.06,ongoing
145,Elderly Care Enhancement,Culture oil service challenge serious begin box tree head. This project aims to improve patient care and hospital facilities.,2/23/2025,,486359.34,184510.07,in_preparation
146,Advanced Prosthetics Development,Agency myself reality trial long hour bit we while part try allow central. This project aims to improve patient care and hospital facilities.,7/1/2023,6/8/2024,154394.39,15263.63,in_preparation
147,Medical Scholarship Fund,Life truth effort source shake run begin response local whom here dark tell since. This project aims to improve patient care and hospital facilities.,11/27/2022,11/7/2025,278347.14,54588.42,in_preparation
148,Dialysis Center Enhancement,Measure kid consider follow month record defense participant their. This project aims to improve patient care and hospital facilities.,4/13/2022,2/18/2026,303912.43,448611.26,ongoing
149,COVID-19 Recovery Support,Color think alone though social keep decade leader finally fast participant no drive hear. This project aims to improve patient care and hospital facilities.,4/23/2020,,398135.74,429808.57,in_preparation
150,Elderly Care Enhancement,Exist issue TV system media woman service him wife we drug think bank. This project aims to improve patient care and hospital facilities.,10/19/2022,9/8/2023,366650.14,144605.24,in_preparation
151,Community Health Outreach,Seem camera wear realize trouble community significant pressure character of against feeling action. This project aims to improve patient care and hospital facilities.,11/11/2023,,60306.68,327580.94,in_preparation
152,Neonatal Incubator Purchase,Room I education moment serious discussion various can rule wish citizen decide office prevent security. This project aims to improve patient care and hospital facilities.,3/6/2021,,206696.77,164808.73,closed
153,Cardiology Wing Upgrade,Recently show land avoid old wide floor top court good mean home discover may writer. This project aims to improve patient care and hospital facilities.,1/31/2021,3/24/2027,324667.55,168500.45,ongoing
154,Children’s Oncology Support,Interest raise professor fine allow some spring back discussion student draw since onto art fire international room learn. This project aims to improve patient care and hospital facilities.,4/28/2022,,271578.64,75313.93,closed
155,Elderly Care Enhancement,Thus age appear certain TV personal fund seven station culture. This project aims to improve patient care and hospital facilities.,7/18/2023,7/27/2026,41353.79,151157.13,ongoing
156,COVID-19 Recovery Support,Force difference behind sell environment any support president role I success instead. This project aims to improve patient care and hospital facilities.,2/14/2024,7/29/2025,166778.6,480902.78,closed
157,Neonatal Incubator Purchase,Full within individual run opportunity name task most from see anyone start fight someone house piece. This project aims to improve patient care and hospital facilities.,10/16/2024,2/22/2025,341252.87,309515.06,closed
158,COVID-19 Recovery Support,Year can center cause difficult thus month real world attention assume under back weight wear develop speech. This project aims to improve patient care and hospital facilities.,5/4/2022,12/25/2026,431220.64,479409.11,closed
159,Trauma Unit Upgrade,Buy staff suddenly public mean a rise woman figure through represent number fall. This project aims to improve patient care and hospital facilities.,4/14/2024,1/26/2028,477710.3,250810.7,ongoing
160,New MRI Machine Acquisition,Enter body day single agreement scientist develop really administration color protect guess language course score. This project aims to improve patient care and hospital facilities.,5/26/2024,6/15/2024,85044.14,424550.82,ongoing
161,Elderly Care Enhancement,Six sense trip dinner management today deep boy somebody under least in friend across available. This project aims to improve patient care and hospital facilities.,9/20/2024,2/14/2025,237940.84,320534.79,closed
162,Advanced Prosthetics Development,General around say wonder analysis leader leave fine door oil prove relate present budget debate through partner management huge. This project aims to improve patient care and hospital facilities.,2/19/2022,,381443.71,312220.03,ongoing
163,Dialysis Center Enhancement,Dark page take whether chance personal democratic foreign foot marriage must owner artist. This project aims to improve patient care and hospital facilities.,12/3/2023,11/16/2024,146509.57,181729.8,in_preparation
164,Mobile Health Clinic,Defense out huge say eye senior executive me mother worry central become window resource show phone. This project aims to improve patient care and hospital facilities.,3/22/2024,3/23/2026,21536.1,274226.95,closed
165,Cardiology Wing Upgrade,Speak national one especially remain involve professional mind upon price from against several sometimes man vote something make serious by. This project aims to improve patient care and hospital facilities.,9/4/2022,,346482.17,224681.65,in_preparation
166,Cardiology Wing Upgrade,Rate focus offer decade including admit center prove state growth hot deal television at. This project aims to improve patient care and hospital facilities.,5/5/2021,,96483.49,412293.56,in_preparation
167,Elderly Care Enhancement,Why process around structure action wind between protect happen environment government Congress along significant wish letter both wear think store. This project aims to improve patient care and hospital facilities.,2/28/2023,5/24/2026,149144.19,43768.48,in_preparation
168,Pediatric ICU Expansion,Way quickly sister stop general draw various inside goal information government finally. This project aims to improve patient care and hospital facilities.,8/21/2022,4/8/2027,355696.75,297874.61,in_preparation
169,Dialysis Center Enhancement,Top at manage be bed shoulder source act assume spend under main box American fear seek hit understand a. This project aims to improve patient care and hospital facilities.,12/31/2020,,412937.03,340602.19,closed
170,Mobile Health Clinic,Summer ok son piece off expect adult artist scene use blood foreign religious public paper market quickly myself take. This project aims to improve patient care and hospital facilities.,11/2/2021,7/3/2025,293162.37,318970.51,ongoing
171,Free Vaccination Drive,Choice black owner dog sure produce then may four we together explain short why heart million guy wife. This project aims to improve patient care and hospital facilities.,8/17/2024,7/21/2027,51162.31,359337.18,ongoing
172,Pediatric ICU Expansion,Lose fish foot avoid health movement beyond expert recent check whole public place analysis soon wide feeling side budget single. This project aims to improve patient care and hospital facilities.,2/14/2024,6/13/2027,272370.12,48400.95,in_preparation
173,COVID-19 Recovery Support,Black recently task field contain simply call fear health production ago court. This project aims to improve patient care and hospital facilities.,1/29/2024,,435839.42,201557.51,ongoing
174,New MRI Machine Acquisition,Compare consumer call better become occur particularly something discussion term. This project aims to improve patient care and hospital facilities.,4/25/2021,,291339.62,178894.36,ongoing
175,Cancer Research Initiative,Manager government design church though sure reveal section owner stay cover though yes professional term appear. This project aims to improve patient care and hospital facilities.,10/27/2020,9/17/2023,313492.24,478619.75,closed
176,COVID-19 Recovery Support,Community population contain avoid institution especially within small investment employee record owner personal relationship attorney serious system end cover series. This project aims to improve patient care and hospital facilities.,10/16/2023,,398256.8,52025.93,in_preparation
177,New MRI Machine Acquisition,President American view national present available pretty building outside within yard image move fund institution table model court drug capital. This project aims to improve patient care and hospital facilities.,2/21/2021,,428387.2,268006.56,in_preparation
178,Advanced Prosthetics Development,Career lot management where until take claim list sell education born reflect. This project aims to improve patient care and hospital facilities.,7/23/2020,,247308.54,63579.44,in_preparation
179,Surgical Robotics Research,Series so also defense rich PM player human discuss war. This project aims to improve patient care and hospital facilities.,11/6/2020,12/29/2024,137190.22,282440.75,ongoing
180,Trauma Unit Upgrade,Somebody international visit rather reality cup eat perform security. This project aims to improve patient care and hospital facilities.,8/12/2020,11/11/2025,226517.29,106295.05,ongoing
181,Children’s Oncology Support,Response ground young whole take a project small although ask section feel almost most my magazine score baby analysis. This project aims to improve patient care and hospital facilities.,5/5/2021,10/21/2026,239227.6,369997.16,closed
182,Community Health Outreach,Box tax society budget doctor person hear American choice pick somebody approach whole under page indeed. This project aims to improve patient care and hospital facilities.,11/23/2022,4/7/2027,236748.57,264980.74,closed
183,Pediatric ICU Expansion,Congress many local skin may imagine probably street begin. This project aims to improve patient care and hospital facilities.,2/25/2022,12/14/2023,300327.53,71315.15,in_preparation
184,Cancer Research Initiative,Candidate maybe especially add east thank man stand hour pattern per focus to win. This project aims to improve patient care and hospital facilities.,2/5/2023,7/7/2027,251907.25,132480.12,ongoing
185,Cancer Research Initiative,Impact southern most record discuss seat building huge available for short recognize defense wait weight near. This project aims to improve patient care and hospital facilities.,8/22/2020,2/12/2027,457593.98,117167.16,ongoing
186,Elderly Care Enhancement,Business building since start miss once generation blue with international country say. This project aims to improve patient care and hospital facilities.,10/23/2022,11/9/2027,53776.01,373008.53,closed
187,Hospital Infrastructure Renovation,Major crime stock form to kid feeling government under difference debate industry sing. This project aims to improve patient care and hospital facilities.,3/9/2025,9/10/2027,273884.38,444436.38,closed
188,Community Health Outreach,Admit up half be most tend support successful easy. This project aims to improve patient care and hospital facilities.,2/18/2021,1/7/2022,428646.21,249993.87,closed
189,New MRI Machine Acquisition,Start will just too pretty can mean nice spend bar admit then. This project aims to improve patient care and hospital facilities.,4/28/2022,4/15/2023,332764.13,349937.6,in_preparation
190,Surgical Robotics Research,Something threat explain probably nation certain quite certainly field its clearly evening raise discussion. This project aims to improve patient care and hospital facilities.,8/14/2023,1/4/2024,487640.16,284264.79,closed
191,Mobile Health Clinic,West why assume military she job yes similar amount. This project aims to improve patient care and hospital facilities.,4/1/2020,,171316.1,63389.88,ongoing
192,Cardiology Wing Upgrade,Look and example realize ball traditional board concern join side individual generation animal fall. This project aims to improve patient care and hospital facilities.,8/6/2023,1/20/2024,487081.12,448754.76,in_preparation
193,Blood Donation Awareness Campaign,Good area either keep drop reflect wall wait wonder why look gun decision nearly bank behavior. This project aims to improve patient care and hospital facilities.,11/13/2021,7/29/2027,193507.53,419466.66,ongoing
194,Advanced Prosthetics Development,Present management claim beyond arm hair be know drug money system good media maintain whatever attorney. This project aims to improve patient care and hospital facilities.,11/26/2020,,39584.13,306916.06,closed
195,Dialysis Center Enhancement,Between particular nor assume campaign start without table stuff billion part newspaper financial somebody why pull hold paper. This project aims to improve patient care and hospital facilities.,4/30/2021,,193075.32,130176.02,in_preparation
196,Trauma Unit Upgrade,Act quality instead lot tree her modern study catch student far blue including mean still. This project aims to improve patient care and hospital facilities.,12/7/2020,1/19/2025,371438.67,86865.12,closed
197,New MRI Machine Acquisition,First style she ever detail week body compare nothing argue represent. This project aims to improve patient care and hospital facilities.,5/3/2021,,27276.83,362942.84,ongoing
198,Emergency Equipment Fundraiser,Practice power reality approach indicate which player shoulder tonight speak address action choose cover lose prevent generation week within. This project aims to improve patient care and hospital facilities.,12/26/2022,5/29/2025,136077.66,218079.37,ongoing
199,New MRI Machine Acquisition,Will front hour food kitchen teacher lose that order pressure lose hot. This project aims to improve patient care and hospital facilities.,11/30/2020,,89305.28,251774.07,closed
200,New MRI Machine Acquisition,Development past son put environment receive available morning audience Democrat why certainly answer. This project aims to improve patient care and hospital facilities.,12/30/2021,11/6/2026,474708.61,143085.8,in_preparation
201,Mental Health Support Program,Different half one local fill action guess cold wrong place. This project aims to improve patient care and hospital facilities.,6/26/2021,4/1/2024,22773.12,174868.6,ongoing
202,Elderly Care Enhancement,Itself as last now cut carry share people everyone budget her interview consumer sure according project car than. This project aims to improve patient care and hospital facilities.,3/29/2022,2/21/2026,297855.27,77677.72,ongoing
203,Free Vaccination Drive,Impact serve teach change democratic until man international only former open else child feeling two sport catch cut. This project aims to improve patient care and hospital facilities.,12/1/2023,,423346.02,380114.65,ongoing
204,Pediatric ICU Expansion,Sit produce eye record relate back federal success me thousand response step low so single. This project aims to improve patient care and hospital facilities.,11/8/2020,,345106.5,107136.38,closed
205,COVID-19 Recovery Support,Significant next condition drive wait once music more believe outside day near. This project aims to improve patient care and hospital facilities.,5/1/2022,,376491.95,490392.55,in_preparation
206,Community Health Outreach,Travel election fact picture list pay ahead administration can assume provide property senior read wear. This project aims to improve patient care and hospital facilities.,2/9/2025,7/26/2026,153335.09,48896.97,ongoing
207,Free Vaccination Drive,Specific southern discuss hour school administration write away focus throughout line interest wide staff. This project aims to improve patient care and hospital facilities.,11/1/2022,,466769.82,260422.92,in_preparation
208,Dialysis Center Enhancement,Sometimes human perform wonder unit performance home statement hear number same may production box from. This project aims to improve patient care and hospital facilities.,8/5/2020,12/28/2021,342300.88,33529.63,ongoing
209,Surgical Robotics Research,Order street business capital there mention loss rather professor rise either surface understand budget name attorney together. This project aims to improve patient care and hospital facilities.,9/3/2021,5/31/2027,10634.87,280596.22,closed
210,Pediatric ICU Expansion,Maintain model why later yourself process already which notice customer movement traditional employee somebody day nothing must. This project aims to improve patient care and hospital facilities.,8/18/2021,,422523.74,145172.39,ongoing
211,Medical Scholarship Fund,Stage what practice at throughout her source situation house life month let analysis. This project aims to improve patient care and hospital facilities.,10/30/2021,,60009.03,126609.68,closed
212,Hospital Infrastructure Renovation,Chair place Mr technology focus half career walk century finally travel around. This project aims to improve patient care and hospital facilities.,5/15/2023,10/3/2023,134816.94,313145.86,closed
213,New MRI Machine Acquisition,Free answer report away party student sure sign government eye first first serious car air do south major. This project aims to improve patient care and hospital facilities.,3/26/2022,1/17/2026,300512.54,344974.91,closed
214,Community Health Outreach,Investment his return many Mrs heavy environment prevent action receive. This project aims to improve patient care and hospital facilities.,3/2/2025,9/21/2025,478836.86,245245.54,ongoing
215,Blood Donation Awareness Campaign,Claim heavy animal authority thousand success appear south executive tree drug six before. This project aims to improve patient care and hospital facilities.,1/24/2023,10/7/2024,369451.27,494716.18,in_preparation
216,Cancer Research Initiative,Memory place western probably operation owner both can measure discuss she money get western you want statement paper. This project aims to improve patient care and hospital facilities.,9/28/2024,6/9/2026,439773.24,436049.31,in_preparation
217,Mental Health Support Program,Quickly card scientist general baby without coach produce responsibility probably where establish cell hospital bar. This project aims to improve patient care and hospital facilities.,12/5/2020,3/3/2026,46479.54,492365.94,ongoing
218,Community Health Outreach,Beautiful baby concern space minute major computer significant rich should letter others attention perform. This project aims to improve patient care and hospital facilities.,3/10/2023,,56782.24,18166.02,closed
219,Free Vaccination Drive,Behind party hold common choose by check first office. This project aims to improve patient care and hospital facilities.,1/21/2024,,45264.95,14769.29,closed
220,COVID-19 Recovery Support,Night show voice member trade adult today real evening who team right we prepare. This project aims to improve patient care and hospital facilities.,9/19/2022,9/26/2027,105318.99,368313,in_preparation
221,Hospital Infrastructure Renovation,Culture red present respond brother house positive brother every can poor former crime fall activity know soon. This project aims to improve patient care and hospital facilities.,2/13/2023,,469545.97,437605.85,closed
222,Neonatal Incubator Purchase,Customer know six blue myself history later they seat allow education like. This project aims to improve patient care and hospital facilities.,12/10/2023,10/19/2024,485296.98,465117.91,ongoing
223,Advanced Prosthetics Development,Success act front chance letter maintain boy add expert draw evening build eight well smile however current smile management appear. This project aims to improve patient care and hospital facilities.,1/8/2021,9/21/2023,370009.07,16147.77,ongoing
224,Surgical Robotics Research,Woman bill down person our police shake personal about drop through sport late detail. This project aims to improve patient care and hospital facilities.,11/18/2024,7/21/2025,256889.51,129220.94,closed
225,Cancer Research Initiative,Door miss build total generation feeling history natural bill cause expect hot building represent bit low age side. This project aims to improve patient care and hospital facilities.,9/22/2020,,179932.41,66345.99,ongoing
226,Surgical Robotics Research,Let prove in mouth become guy drop many it card there. This project aims to improve patient care and hospital facilities.,3/16/2021,8/24/2024,18273.69,206225.29,ongoing
227,Medical Scholarship Fund,Born meet contain hit worry energy test quickly soldier use create. This project aims to improve patient care and hospital facilities.,9/10/2023,,292483.16,49073.45,ongoing
228,New MRI Machine Acquisition,View difference final nearly mission image item it student. This project aims to improve patient care and hospital facilities.,4/30/2022,7/25/2025,411835.64,93350.21,ongoing
229,Neonatal Incubator Purchase,Different you camera phone pretty foot kid available yeah water mean trade reveal message who project too source entire. This project aims to improve patient care and hospital facilities.,6/22/2021,7/30/2024,468645.14,244853.48,ongoing
230,Children’s Oncology Support,Tax sea son another site day compare for that Congress your exist bank. This project aims to improve patient care and hospital facilities.,2/14/2021,,62600.46,334203.85,ongoing
231,Community Health Outreach,Resource scene Republican operation well eight read attorney somebody answer military place particular those station fund car. This project aims to improve patient care and hospital facilities.,1/13/2023,8/9/2025,188166.09,101602.31,in_preparation
232,Emergency Equipment Fundraiser,Society sea lot white chance smile vote indicate reach music party position traditional whom budget. This project aims to improve patient care and hospital facilities.,1/12/2023,9/23/2026,70718.62,412314.33,closed
233,Mobile Health Clinic,First push her benefit partner staff by message safe. This project aims to improve patient care and hospital facilities.,4/1/2021,2/25/2024,419328.27,359669.8,in_preparation
234,Surgical Robotics Research,May concern rich prevent debate TV trial lose mention tend little deep message also always. This project aims to improve patient care and hospital facilities.,1/7/2021,3/15/2021,92197.73,166285.39,closed
235,Medical Scholarship Fund,Audience avoid style from many enough off partner consider establish. This project aims to improve patient care and hospital facilities.,5/23/2024,,102883.3,218751.31,in_preparation
236,Elderly Care Enhancement,We could plant trip here line begin others thousand. This project aims to improve patient care and hospital facilities.,10/28/2023,,265182.62,187947.12,in_preparation
237,Trauma Unit Upgrade,Forget meet ground property report evidence option station budget sometimes of international stop. This project aims to improve patient care and hospital facilities.,12/14/2024,,450931.82,290042.77,in_preparation
238,Hospital Infrastructure Renovation,Sister raise on push movie wonder five over word reason difference Congress like role lead. This project aims to improve patient care and hospital facilities.,11/5/2020,,458587.16,258239.24,in_preparation
239,New MRI Machine Acquisition,Share instead base high various moment point without mind. This project aims to improve patient care and hospital facilities.,1/11/2021,8/21/2023,361272.04,53606.57,ongoing
240,Free Vaccination Drive,Future hold address available he arm approach audience Mr run age painting section. This project aims to improve patient care and hospital facilities.,8/28/2022,11/22/2024,60913.46,453764.08,closed
241,Blood Donation Awareness Campaign,Different total only manager bank help stand standard physical consider thing last reality each do may. This project aims to improve patient care and hospital facilities.,3/5/2021,10/3/2026,142493.37,452144.31,closed
242,Emergency Equipment Fundraiser,Range life my nor use will certain use huge establish show sign cover lose. This project aims to improve patient care and hospital facilities.,12/11/2023,,330161.06,103345.02,closed
243,Elderly Care Enhancement,Police community summer they nearly inside according represent simple could moment fact think loss focus understand series require less. This project aims to improve patient care and hospital facilities.,4/25/2022,,229106.34,337135.92,in_preparation
244,Elderly Care Enhancement,Decide thank her common quickly open drive person toward poor total expert. This project aims to improve patient care and hospital facilities.,1/19/2022,9/24/2026,86090.46,270026.24,ongoing
245,Cardiology Wing Upgrade,School ago card lawyer floor require send speak care town since shoulder discussion environmental leave. This project aims to improve patient care and hospital facilities.,6/26/2020,11/15/2022,23160.68,436131.15,ongoing
246,New MRI Machine Acquisition,Alone hear grow grow amount in as share else million heavy rate without stand who same occur. This project aims to improve patient care and hospital facilities.,12/8/2022,,113798.93,337475.17,ongoing
247,Elderly Care Enhancement,Toward opportunity on carry nature if land commercial far policy yourself mean guy arrive. This project aims to improve patient care and hospital facilities.,10/10/2024,,49231.59,118877.29,ongoing
248,Mobile Health Clinic,Sometimes community key even difference simply performance upon however should last say hand. This project aims to improve patient care and hospital facilities.,4/21/2022,,142804.41,92336.08,in_preparation
249,Blood Donation Awareness Campaign,Available represent since before than make matter newspaper program today people ball feel little. This project aims to improve patient care and hospital facilities.,9/11/2024,3/19/2027,264339.77,492626.95,closed
250,Children’s Oncology Support,Able official end detail action debate account accept either region wait see billion law behind hot. This project aims to improve patient care and hospital facilities.,11/12/2023,5/7/2024,20386.6,398180.87,in_preparation
251,Hospital Infrastructure Renovation,Teacher up nice color career not leave goal create actually seven. This project aims to improve patient care and hospital facilities.,4/7/2023,,327940.25,465192.63,ongoing
252,New MRI Machine Acquisition,Some leg their than young provide though them throw second production. This project aims to improve patient care and hospital facilities.,8/7/2022,10/31/2026,57410.38,110692.85,in_preparation
253,Pediatric ICU Expansion,Firm right become up beyond man fact anyone probably others stay something. This project aims to improve patient care and hospital facilities.,9/8/2023,10/12/2024,318440.81,411466.13,ongoing
254,Mobile Health Clinic,Must mother law bring lead beyond a compare participant peace example stage deep entire sign be. This project aims to improve patient care and hospital facilities.,7/15/2021,,113425.97,369680.4,in_preparation
255,Cancer Research Initiative,In toward between perform throw direction Mr author man race democratic guess. This project aims to improve patient care and hospital facilities.,7/9/2020,11/22/2026,115838.03,162223.85,ongoing
256,Free Vaccination Drive,Day house brother send evidence central opportunity day write know on usually. This project aims to improve patient care and hospital facilities.,7/13/2024,10/7/2024,71377,25444.9,in_preparation
257,Elderly Care Enhancement,Third Mrs hundred they least sign push option court. This project aims to improve patient care and hospital facilities.,12/1/2020,,135812.47,125506.09,ongoing
258,Elderly Care Enhancement,Ask feeling girl almost job control sister another bill main recognize subject mean indicate us north later game. This project aims to improve patient care and hospital facilities.,4/4/2023,8/7/2025,117065.58,238892.85,closed
259,Emergency Equipment Fundraiser,Worker player writer color to science reason the modern anyone floor here kitchen eye after author commercial senior. This project aims to improve patient care and hospital facilities.,4/11/2022,10/19/2024,199447.54,328528.59,ongoing
260,Children’s Oncology Support,Author police personal form official discuss professional Republican meeting strong yeah. This project aims to improve patient care and hospital facilities.,12/27/2022,,224370.7,93445.12,in_preparation
261,Neonatal Incubator Purchase,Audience without similar cover step page professional trip huge. This project aims to improve patient care and hospital facilities.,10/23/2023,5/17/2025,473865.61,416749.81,ongoing
262,Trauma Unit Upgrade,Through away brother doctor here experience product trial few now Mr number poor free shoulder necessary also require nothing this. This project aims to improve patient care and hospital facilities.,10/18/2024,,421844.82,137198.7,closed
263,Hospital Infrastructure Renovation,Travel although car most until performance however find speech mind computer hard wear effect. This project aims to improve patient care and hospital facilities.,3/1/2021,2/19/2027,132083.72,77955.58,in_preparation
264,Mental Health Support Program,Beat brother least left marriage phone sister role before agent someone history. This project aims to improve patient care and hospital facilities.,2/10/2024,,252724.55,409687.85,closed
265,Trauma Unit Upgrade,Name could wonder where feeling prepare law remember late become land. This project aims to improve patient care and hospital facilities.,12/19/2024,,230938.45,392276.37,closed
266,Surgical Robotics Research,American policy message fly teacher fast reach staff find bank recently attention court pull be. This project aims to improve patient care and hospital facilities.,9/19/2021,,149367.37,184025.99,ongoing
267,New MRI Machine Acquisition,Town soon evidence central believe message policy her few recognize me final week show boy. This project aims to improve patient care and hospital facilities.,2/5/2025,5/16/2026,244204.51,4193.38,in_preparation
268,Advanced Prosthetics Development,Different decade institution learn vote require green she add story including down. This project aims to improve patient care and hospital facilities.,2/4/2023,3/29/2026,270919.32,275396.71,closed
269,Cancer Research Initiative,Structure life study opportunity baby along skin very old simply leave news human. This project aims to improve patient care and hospital facilities.,3/30/2024,12/20/2026,337520.9,263483.91,closed
270,Medical Scholarship Fund,Check executive as moment work girl green leader common else. This project aims to improve patient care and hospital facilities.,12/29/2020,12/10/2023,483881.39,245508.16,ongoing
271,Pediatric ICU Expansion,Not we ten where east history operation Mr knowledge. This project aims to improve patient care and hospital facilities.,1/19/2025,,148786.4,102103.22,in_preparation
272,Emergency Equipment Fundraiser,Hard create set within culture white social prevent recently alone threat opportunity kid turn foreign population. This project aims to improve patient care and hospital facilities.,11/15/2023,9/1/2024,481016.99,249130.19,closed
273,Trauma Unit Upgrade,Without growth buy seem should again heart western size also worker positive skill bank turn set morning threat health suggest. This project aims to improve patient care and hospital facilities.,6/23/2020,,457098.9,171785.21,closed
274,Medical Scholarship Fund,Success every accept realize simple to explain general feel for spring cost his car possible him defense loss. This project aims to improve patient care and hospital facilities.,1/27/2025,1/31/2028,52819.18,66609.87,ongoing
275,Neonatal Incubator Purchase,Gas accept son bank population concern effect right together agent significant. This project aims to improve patient care and hospital facilities.,9/19/2021,10/23/2025,165520.15,409972.67,in_preparation
276,Free Vaccination Drive,Happen American next tough thousand similar her rule physical summer wife. This project aims to improve patient care and hospital facilities.,1/5/2024,2/11/2024,467178.56,282190.21,ongoing
277,Trauma Unit Upgrade,Reduce wear rock glass answer nation role across all fly wind among the. This project aims to improve patient care and hospital facilities.,9/5/2024,,16049.69,451017.61,in_preparation
278,Trauma Unit Upgrade,Security class seat conference account now follow true government order question. This project aims to improve patient care and hospital facilities.,2/22/2024,,472979.45,113441.2,in_preparation
279,Children’s Oncology Support,Group sure learn raise military form laugh mission chair. This project aims to improve patient care and hospital facilities.,11/9/2024,,179157.5,249354.52,ongoing
280,Free Vaccination Drive,Suffer possible old treatment strategy film everything role safe baby. This project aims to improve patient care and hospital facilities.,6/23/2020,9/9/2025,263757.54,368348.83,ongoing
281,Dialysis Center Enhancement,Fly major ahead hope central draw receive do weight customer yeah exist man. This project aims to improve patient care and hospital facilities.,4/13/2024,1/26/2026,205739.79,346775,in_preparation
282,Neonatal Incubator Purchase,Office TV trade gun service rate fund off race maintain. This project aims to improve patient care and hospital facilities.,4/3/2020,,384054.05,472449.18,closed
283,Medical Scholarship Fund,Ok arrive value among lose space behind mention technology support newspaper lot minute nor. This project aims to improve patient care and hospital facilities.,1/8/2021,,179191.72,273724.35,ongoing
284,Medical Scholarship Fund,International manage traditional beautiful table cold adult fact middle suddenly he compare age about strategy risk. This project aims to improve patient care and hospital facilities.,6/1/2020,,164034.99,439354.43,ongoing
285,Medical Scholarship Fund,Like alone even service knowledge serious interview general sure why real think. This project aims to improve patient care and hospital facilities.,12/1/2023,1/29/2024,44501.5,367034.62,in_preparation
286,Children’s Oncology Support,Surface past area add process nor history yeah big learn sea between because arrive. This project aims to improve patient care and hospital facilities.,6/22/2023,,281825.58,234616.34,ongoing
287,Free Vaccination Drive,Specific clearly decision protect appear have church bed government change health relationship drop break option instead fast season phone discover. This project aims to improve patient care and hospital facilities.,8/12/2021,4/14/2027,474018.82,443263.71,in_preparation
288,Neonatal Incubator Purchase,What again situation doctor our single reveal expect design. This project aims to improve patient care and hospital facilities.,12/30/2024,,368789,17385.14,closed
289,New MRI Machine Acquisition,Control where technology behavior quickly likely specific soldier until majority question morning wonder nature television out particularly nation with. This project aims to improve patient care and hospital facilities.,9/22/2022,,280927.62,320749.22,in_preparation
290,Dialysis Center Enhancement,Improve sort scientist realize believe fact want up relationship hotel compare as physical city can. This project aims to improve patient care and hospital facilities.,11/28/2022,3/17/2024,409351.99,357947.51,closed
291,Advanced Prosthetics Development,Rate message top face whole organization try mean method size recognize book full best. This project aims to improve patient care and hospital facilities.,11/14/2020,,271788.4,123636.39,in_preparation
292,Blood Donation Awareness Campaign,Someone prevent step listen majority dog need argue huge without teach movement consider forget energy event rich firm account reach hand. This project aims to improve patient care and hospital facilities.,11/24/2024,12/31/2024,181443.38,285956.93,closed
293,Community Health Outreach,Republican day study early manage who see family owner dark teacher off two car collection almost hope these team once. This project aims to improve patient care and hospital facilities.,4/17/2020,4/18/2020,67242.38,446502.6,closed
294,Elderly Care Enhancement,Attorney deep adult experience practice major indicate arrive color ball despite. This project aims to improve patient care and hospital facilities.,9/21/2020,,241449.88,388952.17,ongoing
295,Elderly Care Enhancement,Most performance car serious gas a line left speech. This project aims to improve patient care and hospital facilities.,12/21/2022,1/2/2023,445151.92,244503.5,closed
296,Elderly Care Enhancement,Capital billion population especially technology maybe station activity old name. This project aims to improve patient care and hospital facilities.,7/25/2022,5/6/2023,300635.18,244271.59,ongoing
297,Community Health Outreach,Rich last just major rich thousand collection anyone per. This project aims to improve patient care and hospital facilities.,5/31/2021,1/8/2026,230402.36,266791.17,closed
298,Mobile Health Clinic,Natural Democrat sister discuss know travel skill a easy require while enough itself beautiful bed now according. This project aims to improve patient care and hospital facilities.,10/21/2022,4/27/2023,299394.94,363639.29,ongoing
299,Community Health Outreach,Around grow issue ten candidate education economic much leg one short state inside true station material film sing during series. This project aims to improve patient care and hospital facilities.,10/16/2023,10/18/2027,40004.42,17275.53,closed
300,COVID-19 Recovery Support,Thank political artist cell similar attention hotel civil evidence condition up politics. This project aims to improve patient care and hospital facilities.,12/13/2024,3/4/2027,100930.93,158264.58,closed
301,Mental Health Support Program,Trip risk address than tell ahead push part on every. This project aims to improve patient care and hospital facilities.,9/14/2022,8/22/2024,333846.41,477066.84,ongoing
302,Children’s Oncology Support,Themselves poor discuss my full real find at house sometimes pressure pressure local. This project aims to improve patient care and hospital facilities.,1/2/2025,,303692.27,473454.79,closed
303,Trauma Unit Upgrade,Former show very entire see huge big performance buy thank professor huge although sing improve practice. This project aims to improve patient care and hospital facilities.,8/13/2022,1/5/2024,346559.13,437750.9,ongoing
304,Advanced Prosthetics Development,Make happy course animal rate job bill popular finish join land must performance. This project aims to improve patient care and hospital facilities.,12/20/2020,6/22/2027,356007.63,245130.18,closed
305,Dialysis Center Enhancement,Result history foreign million yes drive single help standard character. This project aims to improve patient care and hospital facilities.,6/2/2020,7/24/2026,83250.43,361791.33,closed
306,Mobile Health Clinic,Effort phone since difficult assume write respond security physical here behavior per political space deep happy time economic. This project aims to improve patient care and hospital facilities.,3/15/2022,8/11/2027,75292,484282.78,closed
307,Cardiology Wing Upgrade,Pull letter seven help movie rock choice practice book media. This project aims to improve patient care and hospital facilities.,7/31/2020,,389911.73,211727.94,in_preparation
308,Medical Scholarship Fund,Short drug board foot perform popular ground western want road sound provide threat my wear politics fine story. This project aims to improve patient care and hospital facilities.,9/28/2024,1/4/2025,48920.04,241938.16,ongoing
309,Children’s Oncology Support,Program majority color candidate then part health hotel environmental all. This project aims to improve patient care and hospital facilities.,5/5/2023,4/9/2027,372428.97,180108.66,ongoing
310,Children’s Oncology Support,Test sound treat like here PM good significant network third crime. This project aims to improve patient care and hospital facilities.,10/5/2021,,480785.65,484753.22,closed
311,Elderly Care Enhancement,Last not seven community guy scene explain plan court other color language leave push wide exist music civil method job. This project aims to improve patient care and hospital facilities.,9/15/2020,,449243.25,396652.56,ongoing
312,Cancer Research Initiative,Whose serious another development charge woman painting along various trial consider student material suffer what. This project aims to improve patient care and hospital facilities.,10/15/2023,11/12/2027,130161.46,409206.24,ongoing
313,New MRI Machine Acquisition,Everything door listen capital ten eat identify safe decade a worker thousand pass campaign model time member public. This project aims to improve patient care and hospital facilities.,6/19/2022,,311048.88,47362.35,ongoing
314,Mobile Health Clinic,Appear if child but member television figure machine both coach together hold interest society perform. This project aims to improve patient care and hospital facilities.,10/22/2022,11/15/2026,163218.51,483000.92,ongoing
315,Advanced Prosthetics Development,Road success difficult participant pressure article thought chance walk industry official. This project aims to improve patient care and hospital facilities.,6/2/2023,6/17/2024,19502.06,8120.77,ongoing
316,Cancer Research Initiative,Interesting table space doctor foot particular me into once. This project aims to improve patient care and hospital facilities.,12/22/2022,4/29/2024,138417.65,58855.88,closed
317,Trauma Unit Upgrade,Number author reveal both other may different Mr series film skin thus involve cultural toward from after argue run. This project aims to improve patient care and hospital facilities.,2/10/2023,,224772.76,107419.73,in_preparation
318,Free Vaccination Drive,Age picture commercial south most imagine play board I suffer rich prepare many inside five matter relate project box attorney. This project aims to improve patient care and hospital facilities.,12/15/2022,5/10/2024,77927.22,137379.41,closed
319,Emergency Equipment Fundraiser,Senior place those fire call behind population image walk data. This project aims to improve patient care and hospital facilities.,5/18/2023,6/12/2027,411008.47,43635.83,ongoing
320,Elderly Care Enhancement,Because center discuss third start treat lot product truth option art effort. This project aims to improve patient care and hospital facilities.,1/14/2023,7/20/2024,430560.97,140082.59,closed
321,Children’s Oncology Support,Accept yes art pressure hear party for close defense order notice. This project aims to improve patient care and hospital facilities.,1/5/2025,,409481.83,79766.7,in_preparation
322,Community Health Outreach,Food really skin court relate window become court both measure mouth tell card reach me assume. This project aims to improve patient care and hospital facilities.,10/24/2024,7/10/2026,227584.59,372799.27,ongoing
323,Dialysis Center Enhancement,Soon including west nothing half film result accept forget degree front despite standard study. This project aims to improve patient care and hospital facilities.,5/30/2020,,245948.22,244694.08,closed
324,Advanced Prosthetics Development,Hear clear huge evidence traditional physical matter break low meet have writer indicate effort table senior there imagine my during. This project aims to improve patient care and hospital facilities.,3/29/2020,,27766.07,393984.85,ongoing
325,Blood Donation Awareness Campaign,Foreign situation kitchen him they star wait store require note wife. This project aims to improve patient care and hospital facilities.,10/27/2023,7/3/2027,358254.9,258746.65,closed
326,Pediatric ICU Expansion,Old ready although crime theory everything land at behavior recent such to. This project aims to improve patient care and hospital facilities.,7/1/2020,,123328.97,136761,ongoing
327,Dialysis Center Enhancement,Onto evidence month face plan perhaps avoid social natural provide brother. This project aims to improve patient care and hospital facilities.,12/24/2024,,478169.62,315020.62,in_preparation
328,Trauma Unit Upgrade,Nature gun lay without religious become be between son attorney head however could peace attorney. This project aims to improve patient care and hospital facilities.,6/22/2023,,26317.19,13686.67,ongoing
329,Cardiology Wing Upgrade,Board truth day finally assume build if share personal song early different would address. This project aims to improve patient care and hospital facilities.,2/24/2021,2/9/2028,302223.45,480419.48,closed
330,Emergency Equipment Fundraiser,Who north structure east certain reveal allow question point difficult he seek few list. This project aims to improve patient care and hospital facilities.,12/15/2023,6/13/2024,440156.13,71580.47,in_preparation
331,Free Vaccination Drive,Resource simply less his account military sort oil significant country option hope involve dinner those condition over. This project aims to improve patient care and hospital facilities.,2/5/2023,,354932.83,53526.03,closed
332,Community Health Outreach,Together song visit store style give chance at current also watch book same either data able coach according radio interesting. This project aims to improve patient care and hospital facilities.,6/8/2023,11/23/2026,157284.95,96409.46,in_preparation
333,Children’s Oncology Support,Second against season source employee energy plant anyone radio. This project aims to improve patient care and hospital facilities.,4/10/2023,,163469.75,184379.13,ongoing
334,Cardiology Wing Upgrade,Thank so family each real market reach allow attorney point physical song present decide similar close upon. This project aims to improve patient care and hospital facilities.,7/14/2020,,478626.75,169134.04,ongoing
335,Dialysis Center Enhancement,Us trip husband action page affect guess job culture low. This project aims to improve patient care and hospital facilities.,12/11/2020,,377637.95,361162.32,closed
336,Pediatric ICU Expansion,Prevent clearly table society fall somebody would their item fine wait himself speech its in usually market poor rich. This project aims to improve patient care and hospital facilities.,6/26/2022,,196191.89,68333.41,in_preparation
337,Neonatal Incubator Purchase,You since hand drop study grow nearly decade around growth hot hotel artist attorney too none expert. This project aims to improve patient care and hospital facilities.,12/28/2022,,271378.67,293032.84,closed
338,Blood Donation Awareness Campaign,Manager story whatever establish require low act large public involve ask. This project aims to improve patient care and hospital facilities.,1/19/2021,4/20/2021,368911.28,325146.85,in_preparation
339,Free Vaccination Drive,Any one religious argue employee town former town democratic specific mouth risk audience note exist paper across. This project aims to improve patient care and hospital facilities.,2/10/2025,,162091.82,95281.54,closed
340,Medical Scholarship Fund,Else really win peace prove big recently how affect network paper worry effect alone will cut. This project aims to improve patient care and hospital facilities.,9/3/2022,8/27/2025,485760.9,86172.94,closed
341,Trauma Unit Upgrade,Ball chair water method anything friend forget especially month source coach old establish special recent power half order. This project aims to improve patient care and hospital facilities.,1/27/2023,,132238.98,286635.77,in_preparation
342,Trauma Unit Upgrade,Attack audience each why find culture themselves lawyer professional blood. This project aims to improve patient care and hospital facilities.,6/27/2023,8/12/2023,160777.61,319250.64,in_preparation
343,Surgical Robotics Research,Opportunity thank much bring beautiful either off team management according. This project aims to improve patient care and hospital facilities.,3/15/2021,,412141.16,115079.74,closed
344,Mobile Health Clinic,Hand explain exactly image dream than who operation agency need your piece maintain. This project aims to improve patient care and hospital facilities.,2/13/2021,5/27/2025,406708.4,384416.39,ongoing
345,Elderly Care Enhancement,Bank behind cup member him parent join deep research management put whole make boy individual fire seek after analysis. This project aims to improve patient care and hospital facilities.,10/2/2024,6/25/2025,452716.39,191979.12,ongoing
346,Cardiology Wing Upgrade,Sure address include already evening few once answer choice figure feel win ten would. This project aims to improve patient care and hospital facilities.,3/28/2020,7/9/2024,164055.78,271693.53,closed
347,Pediatric ICU Expansion,About series dinner list our record effect who power near player contain long party resource. This project aims to improve patient care and hospital facilities.,3/26/2023,,54790.82,121547.85,in_preparation
348,Blood Donation Awareness Campaign,Most national day no majority teacher argue but decision direction throw good. This project aims to improve patient care and hospital facilities.,6/26/2020,4/17/2021,283492.08,212233.54,in_preparation
349,Mobile Health Clinic,Remain great simply article all personal center fill difficult. This project aims to improve patient care and hospital facilities.,11/8/2023,,362250.32,221616.01,in_preparation
350,Pediatric ICU Expansion,Or job time whether call hotel Republican while interview true mention cut near. This project aims to improve patient care and hospital facilities.,8/11/2021,11/9/2024,184822.14,31424.12,closed
351,Mental Health Support Program,Mother watch change information play include benefit forward rate cause lay. This project aims to improve patient care and hospital facilities.,10/26/2020,,433942.5,298205.4,closed
352,Mobile Health Clinic,Certain live degree when then then garden answer would light success difficult recognize push Congress offer car stuff. This project aims to improve patient care and hospital facilities.,5/16/2023,12/28/2027,79469.44,57877.94,ongoing
353,Emergency Equipment Fundraiser,Young plan what that small social under turn TV finish attorney room a any ground change field none movie perform. This project aims to improve patient care and hospital facilities.,9/6/2023,6/2/2026,53084.48,323090.5,closed
354,New MRI Machine Acquisition,Gas around get try probably Republican seek cup edge treatment ahead. This project aims to improve patient care and hospital facilities.,12/28/2022,,287760.35,320579.07,closed
355,Mobile Health Clinic,Both as player main mission according manage writer around skin image main. This project aims to improve patient care and hospital facilities.,2/13/2023,3/30/2023,225748.03,364362.65,closed
356,New MRI Machine Acquisition,Director nice community bill try red near term structure opportunity sit. This project aims to improve patient care and hospital facilities.,5/25/2022,,399689.17,373886.04,in_preparation
357,Cancer Research Initiative,Often impact see also change parent hold computer left TV spend maintain agent store much yes us local behind. This project aims to improve patient care and hospital facilities.,2/14/2022,,88485.51,478879.57,closed
358,Emergency Equipment Fundraiser,Other up least receive strategy black boy increase senior read around expert your building future maintain involve public. This project aims to improve patient care and hospital facilities.,9/25/2020,9/18/2023,445651.44,6010.53,ongoing
359,Dialysis Center Enhancement,Phone person rather who a who report very activity specific voice begin special discover think source seat base candidate. This project aims to improve patient care and hospital facilities.,12/28/2024,4/15/2026,366724.28,221244.86,closed
360,Dialysis Center Enhancement,Between week quickly above nice improve save politics far out. This project aims to improve patient care and hospital facilities.,7/6/2024,1/2/2027,248602.49,348784.43,in_preparation
361,Trauma Unit Upgrade,Fund fire high seem give nation team these might agency very group often. This project aims to improve patient care and hospital facilities.,10/2/2022,,152054.51,25974.05,ongoing
362,Elderly Care Enhancement,Hour door language recently message management information second along employee dog president hospital describe. This project aims to improve patient care and hospital facilities.,1/15/2021,3/12/2028,447788.37,441098.97,closed
363,Community Health Outreach,Way before people event name and finish morning each spend Mrs letter. This project aims to improve patient care and hospital facilities.,11/19/2024,5/9/2025,38355.71,295238.69,closed
364,Hospital Infrastructure Renovation,Minute TV ahead popular nearly skill Mrs take message science concern appear front concern daughter cultural. This project aims to improve patient care and hospital facilities.,9/6/2024,,172127.59,445625.94,ongoing
365,COVID-19 Recovery Support,Establish space term far adult chance idea without than room prove usually. This project aims to improve patient care and hospital facilities.,12/28/2021,9/3/2024,329882.31,216291.89,closed
366,Neonatal Incubator Purchase,Spring two world look explain serve about ask ground easy thing remain fund nor time. This project aims to improve patient care and hospital facilities.,8/3/2023,,312661.19,173265.97,in_preparation
367,Cardiology Wing Upgrade,Big usually their answer should go election process camera Republican term attorney truth recently guy boy ball. This project aims to improve patient care and hospital facilities.,5/18/2020,10/2/2022,66618.7,110494.45,in_preparation
368,Free Vaccination Drive,It teacher much student such law animal visit strategy peace consider sure community police. This project aims to improve patient care and hospital facilities.,3/12/2022,10/20/2026,340303.74,168357.85,ongoing
369,Mental Health Support Program,Born cost owner Mrs walk use ball capital rather billion order visit remain wait national ten thought decide. This project aims to improve patient care and hospital facilities.,7/26/2021,11/12/2027,108175.79,146610.64,closed
370,Free Vaccination Drive,Expert this body degree walk figure explain long prevent go claim. This project aims to improve patient care and hospital facilities.,5/26/2021,11/20/2025,281926.5,91466.73,closed
371,Mental Health Support Program,Agent natural arrive player boy push significant according put again remain outside leg this contain piece. This project aims to improve patient care and hospital facilities.,3/7/2022,,468461.16,467250.62,in_preparation
372,Dialysis Center Enhancement,Go analysis trouble people reach heart may treatment miss each thing seven human data pass theory type. This project aims to improve patient care and hospital facilities.,10/9/2020,,95559.65,195011.66,closed
373,Mobile Health Clinic,Evidence want would she likely its get main suffer idea. This project aims to improve patient care and hospital facilities.,1/27/2022,,232322.01,450491.16,ongoing
374,Pediatric ICU Expansion,Near reveal such front away building alone just thought wrong policy practice. This project aims to improve patient care and hospital facilities.,7/30/2020,,70157.03,344404.63,closed
375,Blood Donation Awareness Campaign,Civil art stand book risk anyone material somebody must newspaper factor action perhaps moment. This project aims to improve patient care and hospital facilities.,7/28/2024,,419225.19,311351.88,in_preparation
376,Mobile Health Clinic,Cold economy week fire see family cultural wind reflect church ready site note simple important. This project aims to improve patient care and hospital facilities.,6/8/2021,,342925.2,481451.73,in_preparation
377,Advanced Prosthetics Development,Example fish them whole daughter strong executive some little opportunity record cost reach. This project aims to improve patient care and hospital facilities.,2/26/2025,1/12/2027,397307.65,415835.95,closed
378,Blood Donation Awareness Campaign,Only last head face over level during treat learn program. This project aims to improve patient care and hospital facilities.,1/1/2021,,291115,97842.84,closed
379,Pediatric ICU Expansion,These fear expert while agent between interesting art town job main similar. This project aims to improve patient care and hospital facilities.,2/21/2021,8/22/2027,317168.03,487889.12,in_preparation
380,Trauma Unit Upgrade,Stock move marriage goal fact training fund meeting day. This project aims to improve patient care and hospital facilities.,10/6/2023,,296243.65,395914.22,in_preparation
381,Emergency Equipment Fundraiser,Thus future conference soldier lay health this economic radio style child. This project aims to improve patient care and hospital facilities.,1/15/2024,,120752.46,432052.32,in_preparation
382,Advanced Prosthetics Development,When student Democrat somebody short their product protect who total record same. This project aims to improve patient care and hospital facilities.,8/19/2024,3/28/2026,168546.64,67125.39,closed
383,Trauma Unit Upgrade,Treat cup hour suggest second laugh defense son conference within all between many. This project aims to improve patient care and hospital facilities.,10/16/2024,,29364.26,94594.32,in_preparation
384,Cardiology Wing Upgrade,Bad approach ago example organization heavy will wall lot fine. This project aims to improve patient care and hospital facilities.,11/16/2023,,453583.62,309154.68,ongoing
385,Trauma Unit Upgrade,There leave individual yeah tell candidate strategy authority whole various computer argue allow take. This project aims to improve patient care and hospital facilities.,2/8/2022,10/2/2026,160393.93,401123.26,closed
386,Trauma Unit Upgrade,Available table show political east focus control often possible Mrs dream safe drive never conference record admit you open. This project aims to improve patient care and hospital facilities.,7/16/2022,,299600.96,223320.18,ongoing
387,Surgical Robotics Research,Seven teacher military visit particularly service see join agree. This project aims to improve patient care and hospital facilities.,7/27/2022,7/23/2027,73089.44,431790.72,in_preparation
388,Mental Health Support Program,Suddenly remember foreign stay interview point area wife health model financial throughout able. This project aims to improve patient care and hospital facilities.,6/28/2024,,166815.74,301486.38,ongoing
389,New MRI Machine Acquisition,Idea inside why home catch recognize activity evidence provide crime accept data civil everybody at itself future part. This project aims to improve patient care and hospital facilities.,11/30/2020,,186926.49,105099.74,in_preparation
390,COVID-19 Recovery Support,Prevent hundred mother agreement no ask enjoy floor spend cultural through although decision ago statement kid none including somebody yard. This project aims to improve patient care and hospital facilities.,9/2/2020,,445294.73,456241.91,closed
391,Medical Scholarship Fund,Section last raise degree above dark fine compare on. This project aims to improve patient care and hospital facilities.,7/15/2020,2/19/2023,455628.08,446350.87,closed
392,Surgical Robotics Research,Modern while become data game adult scene base commercial one ten language certainly north image meet stand economy. This project aims to improve patient care and hospital facilities.,9/14/2024,1/5/2028,490696.28,145152,closed
393,Mental Health Support Program,Yes each easy she modern wife bring mind Republican offer think over identify. This project aims to improve patient care and hospital facilities.,3/29/2023,10/10/2027,206688.09,67233.98,closed
394,Surgical Robotics Research,Social article news especially vote apply sea structure resource population family represent second radio I place. This project aims to improve patient care and hospital facilities.,12/2/2023,,74759.31,250266.03,ongoing
395,Children’s Oncology Support,Magazine age operation page pick account child gun research ability pressure go. This project aims to improve patient care and hospital facilities.,8/25/2023,1/3/2026,86131.52,66865.16,in_preparation
396,Trauma Unit Upgrade,Reason apply rate teacher once and factor born world develop together act do activity chair political. This project aims to improve patient care and hospital facilities.,5/12/2024,,266226.52,420414.58,in_preparation
397,Pediatric ICU Expansion,Brother into go white industry policy environment choice establish baby attention husband order not teacher easy thousand majority themselves want. This project aims to improve patient care and hospital facilities.,7/7/2024,2/13/2025,19339.97,139001.95,ongoing
398,Emergency Equipment Fundraiser,Night consumer model can describe most something seat specific water stock measure help. This project aims to improve patient care and hospital facilities.,9/14/2023,1/15/2025,197147.85,396169.26,in_preparation
399,Cancer Research Initiative,Establish nothing fund write food three never factor score teach court able single long stage stock budget there democratic. This project aims to improve patient care and hospital facilities.,9/9/2023,6/4/2024,197718.97,340385.39,in_preparation
400,Community Health Outreach,Course short hair discover job writer material clearly view everything. This project aims to improve patient care and hospital facilities.,9/24/2024,,391592.98,360255.18,in_preparation
