s_id,first_name,last_name,position,s_email,s_phone,salary
1135,Rachel,Jones,Director,staff1@hospital.com,6765148912,100648
1034,John,Williams,Coordinator,staff2@hospital.com,5222279753,195429
1265,Michael,Brown,Director,staff3@hospital.com,4941458523,187031
1076,Sarah,Jones,Assistant,staff4@hospital.com,3879789781,167183
1231,Sarah,Smith,Coordinator,staff5@hospital.com,8523703387,78561
1094,Rachel,Smith,Manager,staff6@hospital.com,5460818945,123608
1019,Emily,Johnson,Manager,staff7@hospital.com,1531561112,144261
1397,Michael,Jones,Assistant,staff8@hospital.com,3791536245,58100
1117,Rachel,Jones,Coordinator,staff9@hospital.com,7618412725,155425
1136,John,Johnson,Coordinator,staff10@hospital.com,5017052420,189488
1332,John,Williams,Manager,staff11@hospital.com,3609477751,105018
1192,David,Smith,Director,staff12@hospital.com,2841207066,138302
1355,John,Williams,Assistant,staff13@hospital.com,1473231495,120763
1056,Sarah,Williams,Coordinator,staff14@hospital.com,4961026952,174993
1079,David,Jones,Director,staff15@hospital.com,8434266346,100223
1045,Sarah,Johnson,Manager,staff16@hospital.com,7170472933,66792
1002,Rachel,Jones,Manager,staff17@hospital.com,2174521497,169713
1371,Rachel,Brown,Manager,staff18@hospital.com,6963699268,54263
1305,John,Williams,Coordinator,staff19@hospital.com,3063497101,197778
1333,Emily,Jones,Manager,staff20@hospital.com,6335131770,82749
1361,Rachel,Williams,Director,staff21@hospital.com,6448684838,130534
1167,David,Jones,Assistant,staff22@hospital.com,1756745288,94318
1337,Michael,Williams,Coordinator,staff23@hospital.com,6843893972,165437
1203,David,Williams,Director,staff24@hospital.com,1956165570,185898
1208,Michael,Brown,Manager,staff25@hospital.com,8962946532,74539
1102,Michael,Brown,Coordinator,staff26@hospital.com,8143150237,93468
1120,Emily,Smith,Director,staff27@hospital.com,2715649366,121080
1099,Emily,Johnson,Manager,staff28@hospital.com,6013252561,162164
1320,John,Williams,Manager,staff29@hospital.com,8758803992,80686
1153,Emily,Williams,Director,staff30@hospital.com,5127015931,199828
1000,Sarah,Jones,Coordinator,staff31@hospital.com,6124694016,168277
1214,Michael,Brown,Coordinator,staff32@hospital.com,3438019281,171348
1127,David,Jones,Manager,staff33@hospital.com,7972991147,170163
1270,Michael,Jones,Assistant,staff34@hospital.com,5268353019,114262
1200,Sarah,Smith,Director,staff35@hospital.com,7908381221,135963
1399,Emily,Johnson,Director,staff36@hospital.com,4008684355,85054
1061,Michael,Johnson,Director,staff37@hospital.com,3098900575,97837
1023,Emily,Williams,Manager,staff38@hospital.com,1751053498,64097
1292,Michael,Smith,Director,staff39@hospital.com,3774300144,125429
1213,David,Smith,Manager,staff40@hospital.com,6570527826,186169
1077,Emily,Brown,Director,staff41@hospital.com,2305008126,76762
1263,Sarah,Brown,Coordinator,staff42@hospital.com,9807525887,169607
1150,Emily,Johnson,Director,staff43@hospital.com,7005625201,98700
1229,Rachel,Smith,Assistant,staff44@hospital.com,6049554291,173853
1224,Emily,Brown,Coordinator,staff45@hospital.com,5689195338,70467
1391,Emily,Jones,Assistant,staff46@hospital.com,4113985373,82719
1297,David,Williams,Manager,staff47@hospital.com,8191009012,112002
1275,David,Williams,Manager,staff48@hospital.com,7921597046,72619
1110,David,Johnson,Coordinator,staff49@hospital.com,5635290221,72487
1080,Rachel,Johnson,Coordinator,staff50@hospital.com,7466743018,154346
1014,Emily,Smith,Assistant,staff51@hospital.com,6936310915,113322
1160,John,Smith,Manager,staff52@hospital.com,6584767522,75579
1016,Sarah,Smith,Assistant,staff53@hospital.com,6287345043,78758
1269,John,Brown,Assistant,staff54@hospital.com,9132044977,53472
1294,Emily,Jones,Manager,staff55@hospital.com,9873703887,144103
1206,Sarah,Brown,Manager,staff56@hospital.com,5803979238,163271
1306,David,Jones,Manager,staff57@hospital.com,1287273870,79719
1183,Emily,Smith,Assistant,staff58@hospital.com,9526682069,90834
1358,Emily,Johnson,Assistant,staff59@hospital.com,1624831447,166793
1376,John,Williams,Director,staff60@hospital.com,3883582342,176303
1184,Sarah,Brown,Manager,staff61@hospital.com,6024986719,71208
1082,Emily,Brown,Assistant,staff62@hospital.com,7088668416,95160
1285,David,Jones,Director,staff63@hospital.com,1630620631,183025
1021,John,Jones,Assistant,staff64@hospital.com,7806923248,174451
1020,Emily,Jones,Director,staff65@hospital.com,3866579310,51467
1309,David,Brown,Coordinator,staff66@hospital.com,1965780955,63469
1028,Rachel,Jones,Coordinator,staff67@hospital.com,6859783036,118029
1318,Sarah,Smith,Manager,staff68@hospital.com,9453293111,165689
1103,Emily,Jones,Assistant,staff69@hospital.com,6998128706,61973
1084,Michael,Johnson,Coordinator,staff70@hospital.com,9430347468,118707
1168,Rachel,Brown,Coordinator,staff71@hospital.com,5458235276,139473
1107,Michael,Williams,Director,staff72@hospital.com,1288489105,109507
1004,David,Johnson,Coordinator,staff73@hospital.com,7170825706,163903
1220,Emily,Johnson,Director,staff74@hospital.com,1446165184,136857
1133,Sarah,Brown,Manager,staff75@hospital.com,3661621046,111953
1042,Emily,Brown,Manager,staff76@hospital.com,6402289789,135440
1251,Rachel,Jones,Manager,staff77@hospital.com,2525645203,127354
1232,Sarah,Brown,Director,staff78@hospital.com,6203264153,159426
1029,John,Brown,Coordinator,staff79@hospital.com,1629054560,113402
1175,David,Smith,Assistant,staff80@hospital.com,1527430953,99559
1240,Emily,Williams,Manager,staff81@hospital.com,6474112745,69843
1350,Michael,Smith,Coordinator,staff82@hospital.com,1311973060,190224
1395,Michael,Johnson,Director,staff83@hospital.com,1435605701,63055
1198,Rachel,Jones,Assistant,staff84@hospital.com,6369810399,76966
1050,John,Smith,Assistant,staff85@hospital.com,5242377239,150013
1280,David,Johnson,Assistant,staff86@hospital.com,2862395948,170434
1321,Emily,Johnson,Coordinator,staff87@hospital.com,6937434568,56687
1328,Emily,Jones,Assistant,staff88@hospital.com,6643957030,189548
1173,David,Williams,Manager,staff89@hospital.com,1782314854,86986
1201,Rachel,Smith,Director,staff90@hospital.com,1688793203,185995
1225,David,Smith,Manager,staff91@hospital.com,5463886406,159482
1141,Sarah,Jones,Director,staff92@hospital.com,4883629783,172505
1217,Sarah,Jones,Assistant,staff93@hospital.com,5271074298,80530
1267,Emily,Smith,Assistant,staff94@hospital.com,8582597085,166977
1114,Michael,Brown,Coordinator,staff95@hospital.com,2755481772,86520
1073,Emily,Jones,Assistant,staff96@hospital.com,1023349148,163196
1005,Michael,Brown,Director,staff97@hospital.com,7432634636,181630
1111,Michael,Williams,Coordinator,staff98@hospital.com,5875809130,196085
1381,Rachel,Smith,Coordinator,staff99@hospital.com,7781796916,112751
1277,Sarah,Brown,Director,staff100@hospital.com,4415152502,97990
1126,Sarah,Smith,Assistant,staff101@hospital.com,9501386165,83601
1148,Emily,Johnson,Manager,staff102@hospital.com,5532721506,171271
1290,Michael,Johnson,Director,staff103@hospital.com,7885994816,73213
1393,John,Williams,Assistant,staff104@hospital.com,6981890710,172616
1115,John,Smith,Director,staff105@hospital.com,9342182222,73490
1300,Rachel,Smith,Assistant,staff106@hospital.com,2980174236,72146
1060,Michael,Johnson,Director,staff107@hospital.com,7777751847,95963
1326,Emily,Brown,Assistant,staff108@hospital.com,6008194761,85036
1303,Sarah,Williams,Director,staff109@hospital.com,8676215591,144753
1087,Rachel,Williams,Manager,staff110@hospital.com,7165524755,153065
1351,David,Williams,Manager,staff111@hospital.com,5806751553,129036
1065,Rachel,Williams,Director,staff112@hospital.com,7007178085,106787
1003,David,Smith,Coordinator,staff113@hospital.com,4361439199,191227
1323,Rachel,Johnson,Assistant,staff114@hospital.com,5070344415,169929
1331,David,Williams,Manager,staff115@hospital.com,1804578134,126931
1129,Rachel,Brown,Coordinator,staff116@hospital.com,2572620384,60512
1018,John,Brown,Assistant,staff117@hospital.com,1136129442,57870
1040,David,Smith,Coordinator,staff118@hospital.com,6629885437,123209
1368,Sarah,Smith,Coordinator,staff119@hospital.com,9981440976,119890
1215,Emily,Johnson,Director,staff120@hospital.com,7540439134,84462
1047,Emily,Smith,Assistant,staff121@hospital.com,8090786342,146988
1345,Rachel,Williams,Manager,staff122@hospital.com,7792934287,115138
1125,John,Brown,Director,staff123@hospital.com,7113776722,142539
1348,David,Johnson,Director,staff124@hospital.com,2696421713,118671
1155,Michael,Johnson,Director,staff125@hospital.com,2763786644,156239
1052,Sarah,Smith,Assistant,staff126@hospital.com,1203994640,63727
1369,Sarah,Jones,Coordinator,staff127@hospital.com,5014580928,174699
1083,John,Johnson,Director,staff128@hospital.com,6467332229,133834
1197,John,Jones,Coordinator,staff129@hospital.com,6859656447,190814
1006,David,Jones,Director,staff130@hospital.com,6931929923,163779
1299,Sarah,Brown,Manager,staff131@hospital.com,5907935178,108030
1298,Sarah,Johnson,Assistant,staff132@hospital.com,1705729930,159561
1174,Emily,Jones,Director,staff133@hospital.com,9399388881,110630
1365,Rachel,Brown,Assistant,staff134@hospital.com,1952083513,148034
1366,Sarah,Smith,Coordinator,staff135@hospital.com,8762316554,181037
1075,Emily,Smith,Director,staff136@hospital.com,9779037350,187408
1145,David,Johnson,Director,staff137@hospital.com,9972625875,88556
1387,John,Jones,Assistant,staff138@hospital.com,5563442919,174492
1062,Michael,Johnson,Assistant,staff139@hospital.com,3620759519,110512
1394,David,Jones,Coordinator,staff140@hospital.com,6570761737,135839
1218,Michael,Jones,Coordinator,staff141@hospital.com,1610161338,98069
1384,Michael,Johnson,Director,staff142@hospital.com,7100639462,60926
1279,Rachel,Jones,Assistant,staff143@hospital.com,5672956158,189654
1096,John,Smith,Assistant,staff144@hospital.com,1242165091,149665
1335,Rachel,Brown,Director,staff145@hospital.com,4847996929,175750
1245,Emily,Jones,Assistant,staff146@hospital.com,2377011302,178880
1266,David,Williams,Director,staff147@hospital.com,4622402924,89024
1088,Sarah,Brown,Coordinator,staff148@hospital.com,2193144837,128041
1116,Sarah,Brown,Coordinator,staff149@hospital.com,2944218142,67890
1186,Michael,Jones,Director,staff150@hospital.com,7323977018,137663
1389,Emily,Johnson,Director,staff151@hospital.com,2759870748,154519
1134,Sarah,Brown,Director,staff152@hospital.com,4711629641,82053
1324,David,Smith,Coordinator,staff153@hospital.com,5344497839,135735
1212,Rachel,Smith,Coordinator,staff154@hospital.com,8418291777,129582
1037,Michael,Jones,Assistant,staff155@hospital.com,8408118712,167850
1122,Emily,Jones,Coordinator,staff156@hospital.com,5025334099,196232
1400,Michael,Brown,Coordinator,staff157@hospital.com,6446991380,165525
1344,David,Smith,Assistant,staff158@hospital.com,3781259878,127162
1257,Emily,Brown,Coordinator,staff159@hospital.com,6863139476,65397
1308,Emily,Smith,Director,staff160@hospital.com,8717574721,95036
1373,Michael,Jones,Manager,staff161@hospital.com,9513479685,113468
1242,Michael,Johnson,Assistant,staff162@hospital.com,4056929609,186997
1170,David,Brown,Manager,staff163@hospital.com,5785670577,55465
1249,Emily,Johnson,Coordinator,staff164@hospital.com,4570912894,125284
1112,Sarah,Brown,Manager,staff165@hospital.com,6639075538,111220
1260,Sarah,Brown,Director,staff166@hospital.com,8317642393,72969
1132,Emily,Jones,Director,staff167@hospital.com,8781084451,188754
1171,David,Brown,Coordinator,staff168@hospital.com,8420153160,192528
1334,John,Brown,Director,staff169@hospital.com,5758133317,144506
1239,Rachel,Jones,Coordinator,staff170@hospital.com,1969566662,76880
1237,John,Smith,Director,staff171@hospital.com,9248839945,53820
1256,John,Johnson,Director,staff172@hospital.com,9348776557,103280
1329,Emily,Brown,Coordinator,staff173@hospital.com,3970283698,177470
1119,Sarah,Johnson,Director,staff174@hospital.com,9599163220,76472
1025,Michael,Williams,Director,staff175@hospital.com,1975220968,70022
1109,Sarah,Jones,Manager,staff176@hospital.com,7159099458,103306
1139,Sarah,Jones,Manager,staff177@hospital.com,1683368891,169531
1067,John,Brown,Assistant,staff178@hospital.com,7919946569,162778
1044,Michael,Johnson,Assistant,staff179@hospital.com,8243908804,69341
1032,Michael,Smith,Coordinator,staff180@hospital.com,6702823255,185876
1064,Sarah,Smith,Coordinator,staff181@hospital.com,3701613572,95857
1248,Michael,Brown,Manager,staff182@hospital.com,5603529065,73074
1123,Sarah,Smith,Coordinator,staff183@hospital.com,3260940461,152316
1204,Emily,Smith,Director,staff184@hospital.com,1757149430,116923
1207,Sarah,Williams,Director,staff185@hospital.com,7797137765,185681
1287,Rachel,Williams,Director,staff186@hospital.com,8846359456,195646
1268,John,Jones,Coordinator,staff187@hospital.com,8167824112,56796
1301,John,Williams,Coordinator,staff188@hospital.com,2945424947,90919
1210,David,Brown,Director,staff189@hospital.com,2375032081,157340
1289,Emily,Williams,Director,staff190@hospital.com,1804038355,55230
1346,David,Smith,Coordinator,staff191@hospital.com,7257230390,65076
1193,Michael,Brown,Manager,staff192@hospital.com,3295672170,165603
1026,Rachel,Williams,Coordinator,staff193@hospital.com,7866621854,57410
1100,Emily,Brown,Manager,staff194@hospital.com,8163297480,54306
1070,Sarah,Brown,Manager,staff195@hospital.com,6662353032,115143
1284,David,Johnson,Coordinator,staff196@hospital.com,1667074222,72581
1253,Rachel,Brown,Coordinator,staff197@hospital.com,6651639336,152493
1316,Sarah,Smith,Manager,staff198@hospital.com,4141274718,73363
1264,John,Smith,Coordinator,staff199@hospital.com,8713514997,176157
1317,Sarah,Williams,Assistant,staff200@hospital.com,6043094643,197905
1219,Emily,Jones,Director,staff201@hospital.com,4798118886,66049
1013,Rachel,Jones,Coordinator,staff202@hospital.com,3919779172,82843
1011,Emily,Johnson,Manager,staff203@hospital.com,4338675706,62356
1378,Rachel,Johnson,Director,staff204@hospital.com,2986348821,66401
1255,Michael,Johnson,Manager,staff205@hospital.com,6618145610,189432
1036,Sarah,Brown,Manager,staff206@hospital.com,8871726175,66731
1354,Michael,Williams,Assistant,staff207@hospital.com,6956947505,72862
1392,Michael,Brown,Director,staff208@hospital.com,9344390555,109425
1226,David,Johnson,Assistant,staff209@hospital.com,2397837181,166809
1307,Michael,Jones,Coordinator,staff210@hospital.com,3483317327,179357
1189,Emily,Smith,Manager,staff211@hospital.com,8667879430,68557
1035,Michael,Johnson,Coordinator,staff212@hospital.com,3007006311,135870
1017,Rachel,Williams,Manager,staff213@hospital.com,9788986005,145781
1108,Sarah,Brown,Assistant,staff214@hospital.com,1112496584,115820
1089,Michael,Jones,Director,staff215@hospital.com,1110152517,76162
1241,Michael,Johnson,Coordinator,staff216@hospital.com,2413679678,170841
1172,Michael,Brown,Assistant,staff217@hospital.com,1191498842,50453
1071,David,Williams,Coordinator,staff218@hospital.com,8405948016,121267
1223,Michael,Williams,Coordinator,staff219@hospital.com,5430371501,156876
1233,John,Brown,Assistant,staff220@hospital.com,5866834836,76097
1272,Sarah,Johnson,Assistant,staff221@hospital.com,7271748520,105219
1343,Rachel,Jones,Coordinator,staff222@hospital.com,9271354885,79877
1363,Michael,Jones,Assistant,staff223@hospital.com,3366507337,171686
1377,David,Smith,Assistant,staff224@hospital.com,8492467008,121624
1336,Sarah,Johnson,Assistant,staff225@hospital.com,3356317637,117128
1191,David,Jones,Coordinator,staff226@hospital.com,7109999220,130627
1370,David,Williams,Manager,staff227@hospital.com,7342334300,188316
1176,Sarah,Williams,Director,staff228@hospital.com,2226840200,108210
1254,Sarah,Johnson,Manager,staff229@hospital.com,5187287058,53072
1367,Sarah,Williams,Manager,staff230@hospital.com,5381633089,53409
1372,David,Brown,Assistant,staff231@hospital.com,1793184464,170197
1244,David,Smith,Assistant,staff232@hospital.com,6573708233,51548
1169,Rachel,Williams,Coordinator,staff233@hospital.com,6162276639,127723
1243,Michael,Brown,Assistant,staff234@hospital.com,8413723453,62684
1059,Sarah,Brown,Manager,staff235@hospital.com,9792120979,196518
1278,John,Jones,Coordinator,staff236@hospital.com,4297340541,52840
1158,John,Johnson,Director,staff237@hospital.com,8547406855,124993
1273,David,Williams,Assistant,staff238@hospital.com,7365175804,129667
1327,Sarah,Williams,Coordinator,staff239@hospital.com,6191854109,109963
1057,Rachel,Jones,Director,staff240@hospital.com,2396608445,94982
1196,Sarah,Johnson,Manager,staff241@hospital.com,2977167621,141533
1121,Michael,Jones,Assistant,staff242@hospital.com,5582258701,110774
1152,Sarah,Jones,Assistant,staff243@hospital.com,3831921042,122029
1271,Sarah,Smith,Assistant,staff244@hospital.com,4006566833,177568
1010,Sarah,Smith,Coordinator,staff245@hospital.com,3881604750,154415
1274,Sarah,Smith,Coordinator,staff246@hospital.com,6586623670,82496
1261,Rachel,Brown,Director,staff247@hospital.com,6436654229,182976
1022,John,Williams,Director,staff248@hospital.com,1311591466,159173
1104,Emily,Brown,Assistant,staff249@hospital.com,6808184770,113108
1164,Rachel,Jones,Manager,staff250@hospital.com,8577202752,138415
1074,Sarah,Jones,Coordinator,staff251@hospital.com,3194593311,95054
1048,Emily,Jones,Assistant,staff252@hospital.com,8729789111,194837
1360,Emily,Brown,Manager,staff253@hospital.com,3249392119,96247
1313,David,Williams,Manager,staff254@hospital.com,6183621524,97644
1161,David,Williams,Assistant,staff255@hospital.com,7026673891,77015
1247,Rachel,Johnson,Manager,staff256@hospital.com,4459407086,178308
1195,Rachel,Johnson,Director,staff257@hospital.com,6066495579,161276
1124,Sarah,Smith,Assistant,staff258@hospital.com,4451741390,195969
1390,Rachel,Brown,Assistant,staff259@hospital.com,4516995638,75831
1078,Michael,Johnson,Manager,staff260@hospital.com,6307057489,106557
1315,Rachel,Johnson,Director,staff261@hospital.com,4036158998,64912
1147,Emily,Williams,Assistant,staff262@hospital.com,3918447183,138986
1238,Michael,Brown,Manager,staff263@hospital.com,6448121078,142427
1113,Rachel,Johnson,Coordinator,staff264@hospital.com,8594992495,58909
1295,David,Williams,Assistant,staff265@hospital.com,7452085345,126113
1049,Emily,Johnson,Coordinator,staff266@hospital.com,8515870620,142341
1069,Rachel,Smith,Coordinator,staff267@hospital.com,7553786848,58861
1211,Emily,Smith,Coordinator,staff268@hospital.com,9970898670,77556
1030,Emily,Smith,Assistant,staff269@hospital.com,4500910829,120149
1205,Emily,Smith,Manager,staff270@hospital.com,4718580485,153625
1281,David,Williams,Manager,staff271@hospital.com,1851158148,92276
1258,Rachel,Johnson,Coordinator,staff272@hospital.com,5884941111,177324
1202,Rachel,Williams,Director,staff273@hospital.com,8549958197,144346
1038,John,Williams,Coordinator,staff274@hospital.com,7994323640,189380
1382,Sarah,Johnson,Director,staff275@hospital.com,2802505687,80065
1072,Emily,Johnson,Coordinator,staff276@hospital.com,6901695203,140857
1039,David,Smith,Manager,staff277@hospital.com,9139494651,130121
1043,Michael,Smith,Coordinator,staff278@hospital.com,5878065548,97083
1216,David,Williams,Director,staff279@hospital.com,6460225412,66728
1349,David,Williams,Coordinator,staff280@hospital.com,3762930400,124361
1190,Sarah,Smith,Manager,staff281@hospital.com,3716192319,143689
1118,John,Jones,Coordinator,staff282@hospital.com,2925877870,125576
1138,Rachel,Smith,Assistant,staff283@hospital.com,9940268820,152100
1009,Sarah,Jones,Director,staff284@hospital.com,7648998967,175226
1007,Michael,Williams,Assistant,staff285@hospital.com,8390368450,103279
1199,Rachel,Jones,Assistant,staff286@hospital.com,7005387766,91927
1385,Rachel,Johnson,Coordinator,staff287@hospital.com,4052690229,171302
1209,Michael,Jones,Director,staff288@hospital.com,8014439670,199411
1149,Rachel,Jones,Director,staff289@hospital.com,6866552473,197356
1364,Emily,Brown,Coordinator,staff290@hospital.com,2513911275,66395
1093,Sarah,Williams,Manager,staff291@hospital.com,2158588283,103462
1338,Sarah,Jones,Manager,staff292@hospital.com,7274508553,182701
1339,Emily,Williams,Assistant,staff293@hospital.com,4579770369,104692
1068,Rachel,Johnson,Director,staff294@hospital.com,9034065631,130233
1352,David,Smith,Coordinator,staff295@hospital.com,6146781330,167174
1234,Michael,Williams,Director,staff296@hospital.com,8946717464,167133
1330,Michael,Williams,Assistant,staff297@hospital.com,8048806665,172576
1027,Michael,Smith,Director,staff298@hospital.com,5039029500,134607
1341,Sarah,Williams,Director,staff299@hospital.com,4903327246,163750
1046,John,Jones,Assistant,staff300@hospital.com,3886705580,97229
1091,Emily,Smith,Coordinator,staff301@hospital.com,7644858972,91579
1310,David,Jones,Coordinator,staff302@hospital.com,3919512224,131397
1162,David,Brown,Director,staff303@hospital.com,1338264187,65562
1250,Michael,Williams,Manager,staff304@hospital.com,6786614377,140440
1101,Sarah,Jones,Assistant,staff305@hospital.com,2678253772,184930
1086,John,Smith,Director,staff306@hospital.com,4312922650,99653
1055,John,Brown,Director,staff307@hospital.com,6905603281,57495
1325,John,Smith,Director,staff308@hospital.com,9086907006,178317
1106,Michael,Brown,Director,staff309@hospital.com,9617229371,80262
1182,Emily,Johnson,Coordinator,staff310@hospital.com,9462275156,186448
1304,Sarah,Williams,Director,staff311@hospital.com,4670048661,94163
1347,Rachel,Jones,Director,staff312@hospital.com,7993944790,171335
1340,Rachel,Williams,Manager,staff313@hospital.com,4008075218,142098
1154,Emily,Williams,Manager,staff314@hospital.com,4687638694,62765
1296,Sarah,Brown,Director,staff315@hospital.com,6585849527,136738
1098,John,Jones,Assistant,staff316@hospital.com,2400086198,112882
1128,John,Brown,Coordinator,staff317@hospital.com,8502527689,125805
1319,Michael,Jones,Manager,staff318@hospital.com,4979281089,87723
1288,Sarah,Williams,Director,staff319@hospital.com,4138804995,159081
1362,Michael,Jones,Assistant,staff320@hospital.com,8121990630,59577
1142,John,Brown,Manager,staff321@hospital.com,5409380918,174697
1131,Sarah,Brown,Director,staff322@hospital.com,7839321907,186276
1024,Sarah,Brown,Director,staff323@hospital.com,1480786944,166939
1396,Rachel,Johnson,Director,staff324@hospital.com,2556498203,169263
1105,Rachel,Brown,Assistant,staff325@hospital.com,3073755462,167399
1356,Rachel,Johnson,Coordinator,staff326@hospital.com,1607471311,66354
1178,John,Smith,Coordinator,staff327@hospital.com,3913284347,50839
1058,Emily,Brown,Manager,staff328@hospital.com,6558624488,94820
1322,David,Brown,Director,staff329@hospital.com,4685686219,105748
1137,John,Johnson,Coordinator,staff330@hospital.com,6282860802,84981
1228,Michael,Johnson,Assistant,staff331@hospital.com,6010587310,115606
1015,John,Johnson,Coordinator,staff332@hospital.com,2945046357,98559
1398,Emily,Brown,Manager,staff333@hospital.com,6256486620,162100
1130,Rachel,Williams,Manager,staff334@hospital.com,2602036186,69250
1146,Rachel,Jones,Manager,staff335@hospital.com,3256459868,111719
1314,Michael,Smith,Director,staff336@hospital.com,8961116452,98071
1001,Emily,Smith,Manager,staff337@hospital.com,4971141765,95195
1246,Sarah,Jones,Assistant,staff338@hospital.com,9773114750,119378
1235,Sarah,Jones,Coordinator,staff339@hospital.com,7372454833,101174
1008,David,Smith,Assistant,staff340@hospital.com,8249548692,178881
1302,John,Williams,Coordinator,staff341@hospital.com,1795003346,145131
1311,David,Johnson,Director,staff342@hospital.com,3398587760,173166
1097,Sarah,Johnson,Director,staff343@hospital.com,5104620232,84307
1157,Sarah,Jones,Coordinator,staff344@hospital.com,9834777640,64268
1283,Sarah,Johnson,Director,staff345@hospital.com,3213464191,112124
1054,Sarah,Smith,Coordinator,staff346@hospital.com,4447855229,177120
1180,David,Johnson,Manager,staff347@hospital.com,1581962005,125032
1359,David,Brown,Director,staff348@hospital.com,4923538650,196223
1276,Michael,Johnson,Assistant,staff349@hospital.com,1379971313,187281
1033,David,Smith,Assistant,staff350@hospital.com,7724663646,140068
1188,John,Brown,Assistant,staff351@hospital.com,2355325377,159457
1375,David,Jones,Manager,staff352@hospital.com,4580768978,104485
1165,Sarah,Smith,Manager,staff353@hospital.com,1606903492,185923
1140,David,Jones,Coordinator,staff354@hospital.com,8177314127,177952
1092,Rachel,Williams,Assistant,staff355@hospital.com,9123888292,95591
1144,Emily,Jones,Assistant,staff356@hospital.com,4876543109,100355
1357,Sarah,Jones,Director,staff357@hospital.com,3251664454,88963
1236,Michael,Brown,Director,staff358@hospital.com,3142682680,124578
1262,John,Johnson,Director,staff359@hospital.com,6377535531,125555
1053,Rachel,Johnson,Coordinator,staff360@hospital.com,1152805996,119274
1143,Emily,Jones,Assistant,staff361@hospital.com,2595413462,128384
1031,Sarah,Smith,Manager,staff362@hospital.com,3990101517,171482
1166,Sarah,Brown,Assistant,staff363@hospital.com,6405759002,60923
1090,Emily,Brown,Assistant,staff364@hospital.com,1007687887,76821
1386,Emily,Brown,Manager,staff365@hospital.com,2087172405,150839
1252,Rachel,Johnson,Assistant,staff366@hospital.com,7068395546,91341
1095,Sarah,Brown,Manager,staff367@hospital.com,6146577105,84025
1291,Michael,Johnson,Director,staff368@hospital.com,5394212674,87641
1063,Emily,Johnson,Assistant,staff369@hospital.com,2876152131,124894
1282,David,Williams,Director,staff370@hospital.com,2670969175,151976
1163,John,Brown,Assistant,staff371@hospital.com,1058045387,141490
1159,Rachel,Jones,Manager,staff372@hospital.com,1588902645,181891
1181,Emily,Brown,Director,staff373@hospital.com,2696278837,193655
1012,Michael,Brown,Assistant,staff374@hospital.com,7395096490,105445
1051,John,Brown,Manager,staff375@hospital.com,3949580591,63264
1151,David,Smith,Coordinator,staff376@hospital.com,6785844939,175847
1342,Michael,Williams,Coordinator,staff377@hospital.com,9759955438,149306
1085,John,Brown,Manager,staff378@hospital.com,3872416833,54411
1177,John,Williams,Manager,staff379@hospital.com,6708151557,84650
1259,Rachel,Jones,Assistant,staff380@hospital.com,5673932348,93450
1066,John,Williams,Manager,staff381@hospital.com,5976286662,77147
1185,Rachel,Williams,Coordinator,staff382@hospital.com,1638741875,53775
1374,Emily,Jones,Coordinator,staff383@hospital.com,5755130367,131913
1156,Michael,Williams,Assistant,staff384@hospital.com,7860031854,107839
1312,David,Williams,Manager,staff385@hospital.com,8126985497,67648
1222,Michael,Smith,Assistant,staff386@hospital.com,1519545774,138117
1388,Michael,Williams,Director,staff387@hospital.com,1630584297,67576
1380,Michael,Johnson,Manager,staff388@hospital.com,8468586405,64462
1230,John,Williams,Director,staff389@hospital.com,4194583095,126789
1081,Michael,Jones,Coordinator,staff390@hospital.com,3392229752,173156
1041,Sarah,Johnson,Manager,staff391@hospital.com,4261138822,183318
1179,Michael,Jones,Assistant,staff392@hospital.com,6496939878,130888
1187,Michael,Jones,Manager,staff393@hospital.com,5670508786,192317
1286,Michael,Jones,Coordinator,staff394@hospital.com,1330394365,72330
1221,Emily,Jones,Director,staff395@hospital.com,1961651494,80304
1353,Emily,Smith,Manager,staff396@hospital.com,5023866639,92949
1227,Sarah,Williams,Manager,staff397@hospital.com,1595595862,134968
1379,John,Williams,Manager,staff398@hospital.com,8265895434,147504
1383,Rachel,Johnson,Manager,staff399@hospital.com,6155401123,179499
1194,Sarah,Brown,Assistant,staff400@hospital.com,7030498726,106463
